name,muscle_group,equipment,cues,image_start,image_end
3/4 Sit-Up,Abdominals,Bodyweight,Lie down on the floor and secure your feet. Your legs should be bent at the knees. Place your hands behind or to the side of your head. You will begin with your back on the ground. This will be your starting position. Flex your hips and …,https://cdn.jsdelivr.net/gh/yuhonas/free-exercise-db@main/exercises/3_4_Sit-Up/0.jpg,https://cdn.jsdelivr.net/gh/yuhonas/free-exercise-db@main/exercises/3_4_Sit-Up/1.jpg
90/90 Hamstring,Hamstrings,Bodyweight,"Lie on your back, with one leg extended straight out. With the other leg, bend the hip and knee to 90 degrees. You may brace your leg with your hands if necessary. This will be your starting position. Extend your leg straight into the ai…",https://cdn.jsdelivr.net/gh/yuhonas/free-exercise-db@main/exercises/90_90_Hamstring/0.jpg,https://cdn.jsdelivr.net/gh/yuhonas/free-exercise-db@main/exercises/90_90_Hamstring/1.jpg
Ab Roller,Abdominals,Other,Hold the Ab Roller with both hands and kneel on the floor. Now place the ab roller on the floor in front of you so that you are on all your hands and knees (as in a kneeling push up position). This will be your starting position. Slowly …,https://cdn.jsdelivr.net/gh/yuhonas/free-exercise-db@main/exercises/Ab_Roller/0.jpg,https://cdn.jsdelivr.net/gh/yuhonas/free-exercise-db@main/exercises/Ab_Roller/1.jpg
Adductor,Adductors,Foam roll,"Lie face down with one leg on a foam roll. Rotate the leg so that the foam roll contacts against your inner thigh. Shift as much weight onto the foam roll as can be tolerated. While trying to relax the muscles if the inner thigh, roll ov…",https://cdn.jsdelivr.net/gh/yuhonas/free-exercise-db@main/exercises/Adductor/0.jpg,https://cdn.jsdelivr.net/gh/yuhonas/free-exercise-db@main/exercises/Adductor/1.jpg
Adductor/Groin,Adductors,None,Lie on your back with your feet raised towards the ceiling. Have your partner hold your feet or ankles. Abduct your legs as far as you can. This will be your starting position. Attempt to squeeze your legs together for 10 or more seconds…,https://cdn.jsdelivr.net/gh/yuhonas/free-exercise-db@main/exercises/Adductor_Groin/0.jpg,https://cdn.jsdelivr.net/gh/yuhonas/free-exercise-db@main/exercises/Adductor_Groin/1.jpg
Advanced Kettlebell Windmill,Abdominals,Kettlebells,"Clean and press a kettlebell overhead with one arm. Keeping the kettlebell locked out at all times, push your butt out in the direction of the locked out kettlebell. Keep the non-working arm behind your back and turn your feet out at a f…",https://cdn.jsdelivr.net/gh/yuhonas/free-exercise-db@main/exercises/Advanced_Kettlebell_Windmill/0.jpg,https://cdn.jsdelivr.net/gh/yuhonas/free-exercise-db@main/exercises/Advanced_Kettlebell_Windmill/1.jpg
Air Bike,Abdominals,Bodyweight,"Lie flat on the floor with your lower back pressed to the ground. For this exercise, you will need to put your hands beside your head. Be careful however to not strain with the neck as you perform it. Now lift your shoulders into the cru…",https://cdn.jsdelivr.net/gh/yuhonas/free-exercise-db@main/exercises/Air_Bike/0.jpg,https://cdn.jsdelivr.net/gh/yuhonas/free-exercise-db@main/exercises/Air_Bike/1.jpg
All Fours Quad Stretch,Quadriceps,Bodyweight,"Start off on your hands and knees, then lift your leg off the floor and hold the foot with your hand. Use your hand to hold the foot or ankle, keeping the knee fully flexed, stretching the quadriceps and hip flexors. Focus on extending y…",https://cdn.jsdelivr.net/gh/yuhonas/free-exercise-db@main/exercises/All_Fours_Quad_Stretch/0.jpg,https://cdn.jsdelivr.net/gh/yuhonas/free-exercise-db@main/exercises/All_Fours_Quad_Stretch/1.jpg
Alternate Hammer Curl,Biceps,Dumbbell,Stand up with your torso upright and a dumbbell in each hand being held at arms length. The elbows should be close to the torso. The palms of the hands should be facing your torso. This will be your starting position. While holding the u…,https://cdn.jsdelivr.net/gh/yuhonas/free-exercise-db@main/exercises/Alternate_Hammer_Curl/0.jpg,https://cdn.jsdelivr.net/gh/yuhonas/free-exercise-db@main/exercises/Alternate_Hammer_Curl/1.jpg
Alternate Heel Touchers,Abdominals,Bodyweight,Lie on the floor with the knees bent and the feet on the floor around 18-24 inches apart. Your arms should be extended by your side. This will be your starting position. Crunch over your torso forward and up about 3-4 inches to the right…,https://cdn.jsdelivr.net/gh/yuhonas/free-exercise-db@main/exercises/Alternate_Heel_Touchers/0.jpg,https://cdn.jsdelivr.net/gh/yuhonas/free-exercise-db@main/exercises/Alternate_Heel_Touchers/1.jpg
Alternate Incline Dumbbell Curl,Biceps,Dumbbell,"Sit down on an incline bench with a dumbbell in each hand being held at arms length. Tip: Keep the elbows close to the torso.This will be your starting position. While holding the upper arm stationary, curl the right weight forward while…",https://cdn.jsdelivr.net/gh/yuhonas/free-exercise-db@main/exercises/Alternate_Incline_Dumbbell_Curl/0.jpg,https://cdn.jsdelivr.net/gh/yuhonas/free-exercise-db@main/exercises/Alternate_Incline_Dumbbell_Curl/1.jpg
Alternate Leg Diagonal Bound,Quadriceps,None,"Assume a comfortable stance with one foot slightly in front of the other. Begin by pushing off with the front leg, driving the opposite knee forward and as high as possible before landing. Attempt to cover as much distance to each side w…",https://cdn.jsdelivr.net/gh/yuhonas/free-exercise-db@main/exercises/Alternate_Leg_Diagonal_Bound/0.jpg,https://cdn.jsdelivr.net/gh/yuhonas/free-exercise-db@main/exercises/Alternate_Leg_Diagonal_Bound/1.jpg
Alternating Deltoid Raise,Shoulders,Dumbbell,"In a standing position, hold a pair of dumbbells at your side. Keeping your elbows slightly bent, raise the weights directly in front of you to shoulder height, avoiding any swinging or cheating. Return the weights to your side. On the n…",https://cdn.jsdelivr.net/gh/yuhonas/free-exercise-db@main/exercises/Alternating_Deltoid_Raise/0.jpg,https://cdn.jsdelivr.net/gh/yuhonas/free-exercise-db@main/exercises/Alternating_Deltoid_Raise/1.jpg
Alternating Floor Press,Chest,Kettlebells,"Lie on the floor with two kettlebells next to your shoulders. Position one in place on your chest and then the other, gripping the kettlebells on the handle with the palms facing forward. Extend both arms, so that the kettlebells are bei…",https://cdn.jsdelivr.net/gh/yuhonas/free-exercise-db@main/exercises/Alternating_Floor_Press/0.jpg,https://cdn.jsdelivr.net/gh/yuhonas/free-exercise-db@main/exercises/Alternating_Floor_Press/1.jpg
Alternating Hang Clean,Hamstrings,Kettlebells,"Place two kettlebells between your feet. To get in the starting position, push your butt back and look straight ahead. Clean one kettlebell to your shoulder and hold on to the other kettlebell in a hanging position. Clean the kettlebell …",https://cdn.jsdelivr.net/gh/yuhonas/free-exercise-db@main/exercises/Alternating_Hang_Clean/0.jpg,https://cdn.jsdelivr.net/gh/yuhonas/free-exercise-db@main/exercises/Alternating_Hang_Clean/1.jpg
Alternating Kettlebell Press,Shoulders,Kettlebells,Clean two kettlebells to your shoulders. Clean the kettlebells to your shoulders by extending through the legs and hips as you pull the kettlebells towards your shoulders. Rotate your wrists as you do so. Press one directly overhead by e…,https://cdn.jsdelivr.net/gh/yuhonas/free-exercise-db@main/exercises/Alternating_Kettlebell_Press/0.jpg,https://cdn.jsdelivr.net/gh/yuhonas/free-exercise-db@main/exercises/Alternating_Kettlebell_Press/1.jpg
Alternating Kettlebell Row,Middle back,Kettlebells,Place two kettlebells in front of your feet. Bend your knees slightly and push your butt out as much as possible. As you bend over to get into the starting position grab both kettlebells by the handles. Pull one kettlebell off of the flo…,https://cdn.jsdelivr.net/gh/yuhonas/free-exercise-db@main/exercises/Alternating_Kettlebell_Row/0.jpg,https://cdn.jsdelivr.net/gh/yuhonas/free-exercise-db@main/exercises/Alternating_Kettlebell_Row/1.jpg
Ankle Circles,Calves,None,Use a sturdy object like a squat rack to hold yourself. Lift the right leg in the air (just around 2 inches from the floor) and perform a circular motion with the big toe. Pretend that you are drawing a big circle with it. Tip: One circl…,https://cdn.jsdelivr.net/gh/yuhonas/free-exercise-db@main/exercises/Ankle_Circles/0.jpg,https://cdn.jsdelivr.net/gh/yuhonas/free-exercise-db@main/exercises/Ankle_Circles/1.jpg
Ankle On The Knee,Glutes,None,"From a lying position, bend your knees and keep your feet on the floor. Place your ankle of one foot on your opposite knee. Grasp the thigh or knee of the bottom leg and pull both of your legs into the chest. Relax your neck and shoulder…",https://cdn.jsdelivr.net/gh/yuhonas/free-exercise-db@main/exercises/Ankle_On_The_Knee/0.jpg,https://cdn.jsdelivr.net/gh/yuhonas/free-exercise-db@main/exercises/Ankle_On_The_Knee/1.jpg
Anterior Tibialis-SMR,Calves,Other,"Begin seated on the ground with your legs bent and your feet on the floor. Using a Muscle Roller or a rolling pin, apply pressure to the muscles on the outside of your shins. Work from just below the knee to above the ankle, pausing at p…",https://cdn.jsdelivr.net/gh/yuhonas/free-exercise-db@main/exercises/Anterior_Tibialis-SMR/0.jpg,https://cdn.jsdelivr.net/gh/yuhonas/free-exercise-db@main/exercises/Anterior_Tibialis-SMR/1.jpg
Arm Circles,Shoulders,None,Stand up and extend your arms straight out by the sides. The arms should be parallel to the floor and perpendicular (90-degree angle) to your torso. This will be your starting position. Slowly start to make circles of about 1 foot in dia…,https://cdn.jsdelivr.net/gh/yuhonas/free-exercise-db@main/exercises/Arm_Circles/0.jpg,https://cdn.jsdelivr.net/gh/yuhonas/free-exercise-db@main/exercises/Arm_Circles/1.jpg
Arnold Dumbbell Press,Shoulders,Dumbbell,Sit on an exercise bench with back support and hold two dumbbells in front of you at about upper chest level with your palms facing your body and your elbows bent. Tip: Your arms should be next to your torso. The starting position should…,https://cdn.jsdelivr.net/gh/yuhonas/free-exercise-db@main/exercises/Arnold_Dumbbell_Press/0.jpg,https://cdn.jsdelivr.net/gh/yuhonas/free-exercise-db@main/exercises/Arnold_Dumbbell_Press/1.jpg
Around The Worlds,Chest,Dumbbell,"Lay down on a flat bench holding a dumbbell in each hand with the palms of the hands facing towards the ceiling. Tip: Your arms should be parallel to the floor and next to your thighs. To avoid injury, make sure that you keep your elbows…",https://cdn.jsdelivr.net/gh/yuhonas/free-exercise-db@main/exercises/Around_The_Worlds/0.jpg,https://cdn.jsdelivr.net/gh/yuhonas/free-exercise-db@main/exercises/Around_The_Worlds/1.jpg
Back Flyes - With Bands,Shoulders,Bands,Run a band around a stationary post like that of a squat rack. Grab the band by the handles and stand back so that the tension in the band rises. Extend and lift the arms straight in front of you. Tip: Your arms should be straight and pa…,https://cdn.jsdelivr.net/gh/yuhonas/free-exercise-db@main/exercises/Back_Flyes_-_With_Bands/0.jpg,https://cdn.jsdelivr.net/gh/yuhonas/free-exercise-db@main/exercises/Back_Flyes_-_With_Bands/1.jpg
Backward Medicine Ball Throw,Shoulders,Medicine ball,"This exercise is best done with a partner. If you lack a partner, the ball can be thrown and retrieved or thrown against a wall. Begin standing a few meters in front of your partner, both facing the same direction. Begin holding the ball…",https://cdn.jsdelivr.net/gh/yuhonas/free-exercise-db@main/exercises/Backward_Medicine_Ball_Throw/0.jpg,https://cdn.jsdelivr.net/gh/yuhonas/free-exercise-db@main/exercises/Backward_Medicine_Ball_Throw/1.jpg
Balance Board,Calves,Other,Place a balance board in front of you. Stand up on it and try to balance yourself. Hold the balance for as long as desired.,https://cdn.jsdelivr.net/gh/yuhonas/free-exercise-db@main/exercises/Balance_Board/0.jpg,https://cdn.jsdelivr.net/gh/yuhonas/free-exercise-db@main/exercises/Balance_Board/1.jpg
Ball Leg Curl,Hamstrings,Exercise ball,"Begin on the floor laying on your back with your feet on top of the ball. Position the ball so that when your legs are extended your ankles are on top of the ball. This will be your starting position. Raise your hips off of the ground, k…",https://cdn.jsdelivr.net/gh/yuhonas/free-exercise-db@main/exercises/Ball_Leg_Curl/0.jpg,https://cdn.jsdelivr.net/gh/yuhonas/free-exercise-db@main/exercises/Ball_Leg_Curl/1.jpg
Band Assisted Pull-Up,Lats,Other,"Choke the band around the center of the pullup bar. You can use different bands to provide varying levels of assistance. Pull the end of the band down, and place one bent knee into the loop, ensuring it won't slip out. Take a medium to w…",https://cdn.jsdelivr.net/gh/yuhonas/free-exercise-db@main/exercises/Band_Assisted_Pull-Up/0.jpg,https://cdn.jsdelivr.net/gh/yuhonas/free-exercise-db@main/exercises/Band_Assisted_Pull-Up/1.jpg
Band Hip Adductions,Adductors,Bands,"Anchor a band around a solid post or other object. Stand with your left side to the post, and put your right foot through the band, getting it around the ankle. Stand up straight and hold onto the post if needed. This will be your starti…",https://cdn.jsdelivr.net/gh/yuhonas/free-exercise-db@main/exercises/Band_Hip_Adductions/0.jpg,https://cdn.jsdelivr.net/gh/yuhonas/free-exercise-db@main/exercises/Band_Hip_Adductions/1.jpg
Band Pull Apart,Shoulders,Bands,"Begin with your arms extended straight out in front of you, holding the band with both hands. Initiate the movement by performing a reverse fly motion, moving your hands out laterally to your sides. Keep your elbows extended as you perfo…",https://cdn.jsdelivr.net/gh/yuhonas/free-exercise-db@main/exercises/Band_Pull_Apart/0.jpg,https://cdn.jsdelivr.net/gh/yuhonas/free-exercise-db@main/exercises/Band_Pull_Apart/1.jpg
Band Skull Crusher,Triceps,Bands,"Secure a band to the base of a rack or the bench. Lay on the bench so that the band is lined up with your head. Take hold of the band, raising your elbows so that the upper arm is perpendicular to the floor. With the elbow flexed, the ba…",https://cdn.jsdelivr.net/gh/yuhonas/free-exercise-db@main/exercises/Band_Skull_Crusher/0.jpg,https://cdn.jsdelivr.net/gh/yuhonas/free-exercise-db@main/exercises/Band_Skull_Crusher/1.jpg
Battling Ropes,Shoulders,Other,"For this exercise you will need a heavy rope anchored at its center 15-20 feet away. Standing in front of the rope, take an end in each hand with your arms extended at your side. This will be your starting position. Initiate the movement…",https://cdn.jsdelivr.net/gh/yuhonas/free-exercise-db@main/exercises/Battling_Ropes/0.jpg,https://cdn.jsdelivr.net/gh/yuhonas/free-exercise-db@main/exercises/Battling_Ropes/1.jpg
Bench Dips,Triceps,Bodyweight,"For this exercise you will need to place a bench behind your back. With the bench perpendicular to your body, and while looking away from it, hold on to the bench on its edge with the hands fully extended, separated at shoulder width. Th…",https://cdn.jsdelivr.net/gh/yuhonas/free-exercise-db@main/exercises/Bench_Dips/0.jpg,https://cdn.jsdelivr.net/gh/yuhonas/free-exercise-db@main/exercises/Bench_Dips/1.jpg
Bench Jump,Quadriceps,Bodyweight,Begin with a box or bench 1-2 feet in front of you. Stand with your feet shoulder width apart. This will be your starting position. Perform a short squat in preparation for the jump; swing your arms behind you. Rebound out of this positi…,https://cdn.jsdelivr.net/gh/yuhonas/free-exercise-db@main/exercises/Bench_Jump/0.jpg,https://cdn.jsdelivr.net/gh/yuhonas/free-exercise-db@main/exercises/Bench_Jump/1.jpg
Bench Press - With Bands,Chest,Bands,"Using a flat bench secure a band under the leg of the bench that is nearest to your head. Once the band is secure, grab it by both handles and lie down on the bench. Extend your arms so that you are holding the band handles in front of y…",https://cdn.jsdelivr.net/gh/yuhonas/free-exercise-db@main/exercises/Bench_Press_-_With_Bands/0.jpg,https://cdn.jsdelivr.net/gh/yuhonas/free-exercise-db@main/exercises/Bench_Press_-_With_Bands/1.jpg
Bench Sprint,Quadriceps,Other,"Stand on the ground with one foot resting on a bench or box with your heel close to the edge. Push off with your foot on top of the bench, extending through the hip and knee. Land with the opposite foot on top of the box, returning your …",https://cdn.jsdelivr.net/gh/yuhonas/free-exercise-db@main/exercises/Bench_Sprint/0.jpg,https://cdn.jsdelivr.net/gh/yuhonas/free-exercise-db@main/exercises/Bench_Sprint/1.jpg
Bent-Arm Dumbbell Pullover,Chest,Dumbbell,"Place a dumbbell standing up on a flat bench. Ensuring that the dumbbell stays securely placed at the top of the bench, lie perpendicular to the bench (torso across it as in forming a cross) with only your shoulders lying on the surface.…",https://cdn.jsdelivr.net/gh/yuhonas/free-exercise-db@main/exercises/Bent-Arm_Dumbbell_Pullover/0.jpg,https://cdn.jsdelivr.net/gh/yuhonas/free-exercise-db@main/exercises/Bent-Arm_Dumbbell_Pullover/1.jpg
Bent-Knee Hip Raise,Abdominals,Bodyweight,"Lay flat on the floor with your arms next to your sides. Now bend your knees at around a 75 degree angle and lift your feet off the floor by around 2 inches. Using your lower abs, bring your knees in towards you as you maintain the 75 de…",https://cdn.jsdelivr.net/gh/yuhonas/free-exercise-db@main/exercises/Bent-Knee_Hip_Raise/0.jpg,https://cdn.jsdelivr.net/gh/yuhonas/free-exercise-db@main/exercises/Bent-Knee_Hip_Raise/1.jpg
Bent Over Dumbbell Rear Delt Raise With Head On Bench,Shoulders,Dumbbell,"Stand up straight while holding a dumbbell in each hand and with an incline bench in front of you. While keeping your back straight and maintaining the natural arch of your back, lean forward until your forehead touches the bench in fron…",https://cdn.jsdelivr.net/gh/yuhonas/free-exercise-db@main/exercises/Bent_Over_Dumbbell_Rear_Delt_Raise_With_Head_On_Bench/0.jpg,https://cdn.jsdelivr.net/gh/yuhonas/free-exercise-db@main/exercises/Bent_Over_Dumbbell_Rear_Delt_Raise_With_Head_On_Bench/1.jpg
Bent Over Two-Dumbbell Row,Middle back,Dumbbell,"With a dumbbell in each hand (palms facing your torso), bend your knees slightly and bring your torso forward by bending at the waist; as you bend make sure to keep your back straight until it is almost parallel to the floor. Tip: Make s…",https://cdn.jsdelivr.net/gh/yuhonas/free-exercise-db@main/exercises/Bent_Over_Two-Dumbbell_Row/0.jpg,https://cdn.jsdelivr.net/gh/yuhonas/free-exercise-db@main/exercises/Bent_Over_Two-Dumbbell_Row/1.jpg
Bent Over Two-Dumbbell Row With Palms In,Middle back,Dumbbell,"With a dumbbell in each hand (palms facing each other), bend your knees slightly and bring your torso forward, by bending at the waist, while keeping the back straight until it is almost parallel to the floor. Tip: Make sure that you kee…",https://cdn.jsdelivr.net/gh/yuhonas/free-exercise-db@main/exercises/Bent_Over_Two-Dumbbell_Row_With_Palms_In/0.jpg,https://cdn.jsdelivr.net/gh/yuhonas/free-exercise-db@main/exercises/Bent_Over_Two-Dumbbell_Row_With_Palms_In/1.jpg
Bicycling,Quadriceps,Other,"To begin, seat yourself on the bike and adjust the seat to your height.",https://cdn.jsdelivr.net/gh/yuhonas/free-exercise-db@main/exercises/Bicycling/0.jpg,https://cdn.jsdelivr.net/gh/yuhonas/free-exercise-db@main/exercises/Bicycling/1.jpg
Body-Up,Triceps,Bodyweight,"Assume a plank position on the ground. You should be supporting your bodyweight on your toes and forearms, keeping your torso straight. Your forearms should be shoulder-width apart. This will be your starting position. Pressing your palm…",https://cdn.jsdelivr.net/gh/yuhonas/free-exercise-db@main/exercises/Body-Up/0.jpg,https://cdn.jsdelivr.net/gh/yuhonas/free-exercise-db@main/exercises/Body-Up/1.jpg
Body Tricep Press,Triceps,Bodyweight,"Position a bar in a rack at chest height. Standing, take a shoulder width grip on the bar and step a yard or two back, feet together and arms extended so that you are leaning on the bar. This will be your starting position. Begin by flex…",https://cdn.jsdelivr.net/gh/yuhonas/free-exercise-db@main/exercises/Body_Tricep_Press/0.jpg,https://cdn.jsdelivr.net/gh/yuhonas/free-exercise-db@main/exercises/Body_Tricep_Press/1.jpg
Bodyweight Mid Row,Middle back,Other,"Begin by taking a medium to wide grip on a pull-up apparatus with your palms facing away from you. From a hanging position, tuck your knees to your chest, leaning back and getting your legs over your side of the pull-up apparatus. This w…",https://cdn.jsdelivr.net/gh/yuhonas/free-exercise-db@main/exercises/Bodyweight_Mid_Row/0.jpg,https://cdn.jsdelivr.net/gh/yuhonas/free-exercise-db@main/exercises/Bodyweight_Mid_Row/1.jpg
Bodyweight Squat,Quadriceps,Bodyweight,"Stand with your feet shoulder width apart. You can place your hands behind your head. This will be your starting position. Begin the movement by flexing your knees and hips, sitting back with your hips. Continue down to full depth if you…",https://cdn.jsdelivr.net/gh/yuhonas/free-exercise-db@main/exercises/Bodyweight_Squat/0.jpg,https://cdn.jsdelivr.net/gh/yuhonas/free-exercise-db@main/exercises/Bodyweight_Squat/1.jpg
Bodyweight Walking Lunge,Quadriceps,None,"Begin standing with your feet shoulder width apart and your hands on your hips. Step forward with one leg, flexing the knees to drop your hips. Descend until your rear knee nearly touches the ground. Your posture should remain upright, a…",https://cdn.jsdelivr.net/gh/yuhonas/free-exercise-db@main/exercises/Bodyweight_Walking_Lunge/0.jpg,https://cdn.jsdelivr.net/gh/yuhonas/free-exercise-db@main/exercises/Bodyweight_Walking_Lunge/1.jpg
Bottoms-Up Clean From The Hang Position,Forearms,Kettlebells,Initiate the exercise by standing upright with a kettlebell in one hand. Swing the kettlebell back forcefully and then reverse the motion forcefully. Crush the kettlebell handle as hard as possible and raise the kettlebell to your shoulder.,https://cdn.jsdelivr.net/gh/yuhonas/free-exercise-db@main/exercises/Bottoms-Up_Clean_From_The_Hang_Position/0.jpg,https://cdn.jsdelivr.net/gh/yuhonas/free-exercise-db@main/exercises/Bottoms-Up_Clean_From_The_Hang_Position/1.jpg
Bottoms Up,Abdominals,Bodyweight,"Begin by lying on your back on the ground. Your legs should be straight and your arms at your side. This will be your starting position. To perform the movement, tuck the knees toward your chest by flexing the hips and knees. Following t…",https://cdn.jsdelivr.net/gh/yuhonas/free-exercise-db@main/exercises/Bottoms_Up/0.jpg,https://cdn.jsdelivr.net/gh/yuhonas/free-exercise-db@main/exercises/Bottoms_Up/1.jpg
Box Jump (Multiple Response),Hamstrings,Other,"Assume a relaxed stance facing the box or platform approximately an arm's length away. Arms should be down at the sides and legs slightly bent. Using the arms to aid in the initial burst, jump upward and forward, landing with feet simult…",https://cdn.jsdelivr.net/gh/yuhonas/free-exercise-db@main/exercises/Box_Jump_Multiple_Response/0.jpg,https://cdn.jsdelivr.net/gh/yuhonas/free-exercise-db@main/exercises/Box_Jump_Multiple_Response/1.jpg
Box Skip,Hamstrings,Other,"You will need several boxes lined up about 8 feet apart. Begin facing the first box with one leg slightly behind the other. Drive off the back leg, attempting to gain as much height with the hips as possible. Immediately upon landing on …",https://cdn.jsdelivr.net/gh/yuhonas/free-exercise-db@main/exercises/Box_Skip/0.jpg,https://cdn.jsdelivr.net/gh/yuhonas/free-exercise-db@main/exercises/Box_Skip/1.jpg
Brachialis-SMR,Biceps,Foam roll,"Lie on your side, with your upper arm against the foam roller. The upper arm should be more or less aligned with your body, with the outside of the bicep pressed against the foam roller. Raise your hips off of the floor, supporting your …",https://cdn.jsdelivr.net/gh/yuhonas/free-exercise-db@main/exercises/Brachialis-SMR/0.jpg,https://cdn.jsdelivr.net/gh/yuhonas/free-exercise-db@main/exercises/Brachialis-SMR/1.jpg
Butt-Ups,Abdominals,Bodyweight,Begin a pushup position but with your elbows on the ground and resting on your forearms. Your arms should be bent at a 90 degree angle. Arch your back slightly out rather than keeping your back completely straight. Raise your glutes towa…,https://cdn.jsdelivr.net/gh/yuhonas/free-exercise-db@main/exercises/Butt-Ups/0.jpg,https://cdn.jsdelivr.net/gh/yuhonas/free-exercise-db@main/exercises/Butt-Ups/1.jpg
Butt Lift (Bridge),Glutes,Bodyweight,"Lie flat on the floor on your back with the hands by your side and your knees bent. Your feet should be placed around shoulder width. This will be your starting position. Pushing mainly with your heels, lift your hips off the floor while…",https://cdn.jsdelivr.net/gh/yuhonas/free-exercise-db@main/exercises/Butt_Lift_Bridge/0.jpg,https://cdn.jsdelivr.net/gh/yuhonas/free-exercise-db@main/exercises/Butt_Lift_Bridge/1.jpg
Calf Raise On A Dumbbell,Calves,Dumbbell,"Hang on to a sturdy object for balance and stand on a dumbbell handle, preferably one with round plates so that it rolls as in this manner you have to work harder to stabilize yourself; thus increasing the effectiveness of the exercise. …",https://cdn.jsdelivr.net/gh/yuhonas/free-exercise-db@main/exercises/Calf_Raise_On_A_Dumbbell/0.jpg,https://cdn.jsdelivr.net/gh/yuhonas/free-exercise-db@main/exercises/Calf_Raise_On_A_Dumbbell/1.jpg
Calf Raises - With Bands,Calves,Bands,"Grab an exercise band and stand on it with your toes making sure that the length of the band between the foot and the arms is the same for both sides. While holding the handles of the band, raise the arms to the side of your head as if y…",https://cdn.jsdelivr.net/gh/yuhonas/free-exercise-db@main/exercises/Calf_Raises_-_With_Bands/0.jpg,https://cdn.jsdelivr.net/gh/yuhonas/free-exercise-db@main/exercises/Calf_Raises_-_With_Bands/1.jpg
Calf Stretch Elbows Against Wall,Calves,None,"Stand facing a wall from a couple feet away. Lean against the wall, placing your weight on your forearms. Attempt to keep your heels on the ground. Hold for 10-20 seconds. You may move further or closer the wall, making it more or less d…",https://cdn.jsdelivr.net/gh/yuhonas/free-exercise-db@main/exercises/Calf_Stretch_Elbows_Against_Wall/0.jpg,https://cdn.jsdelivr.net/gh/yuhonas/free-exercise-db@main/exercises/Calf_Stretch_Elbows_Against_Wall/1.jpg
Calf Stretch Hands Against Wall,Calves,None,"Stand facing a wall from several feet away. Stagger your stance, placing one foot forward. Lean forward and rest your hands on the wall, keeping your heel, hip and head in a straight line. Attempt to keep your heel on the ground. Hold fo…",https://cdn.jsdelivr.net/gh/yuhonas/free-exercise-db@main/exercises/Calf_Stretch_Hands_Against_Wall/0.jpg,https://cdn.jsdelivr.net/gh/yuhonas/free-exercise-db@main/exercises/Calf_Stretch_Hands_Against_Wall/1.jpg
Calves-SMR,Calves,Foam roll,"Begin seated on the floor. Place a foam roller underneath your lower leg. Your other leg can either be crossed over the opposite or be placed on the floor, supporting some of your weight. This will be your starting position. Place your h…",https://cdn.jsdelivr.net/gh/yuhonas/free-exercise-db@main/exercises/Calves-SMR/0.jpg,https://cdn.jsdelivr.net/gh/yuhonas/free-exercise-db@main/exercises/Calves-SMR/1.jpg
Carioca Quick Step,Adductors,None,"Begin with your feet a few inches apart and your left arm up in a relaxed, athletic position. With your right foot, quick step behind and pull the knee up. Fire your arms back up when you pull the right knee, being sure that your knee go…",https://cdn.jsdelivr.net/gh/yuhonas/free-exercise-db@main/exercises/Carioca_Quick_Step/0.jpg,https://cdn.jsdelivr.net/gh/yuhonas/free-exercise-db@main/exercises/Carioca_Quick_Step/1.jpg
Cat Stretch,Lower back,None,"Position yourself on the floor on your hands and knees. Pull your belly in and round your spine, lower back, shoulders, and neck, letting your head drop. Hold for 15 seconds.",https://cdn.jsdelivr.net/gh/yuhonas/free-exercise-db@main/exercises/Cat_Stretch/0.jpg,https://cdn.jsdelivr.net/gh/yuhonas/free-exercise-db@main/exercises/Cat_Stretch/1.jpg
Catch and Overhead Throw,Lats,Medicine ball,"Begin standing while facing a wall or a partner. Using both hands, position the ball behind your head, stretching as much as possible, and forcefully throw the ball forward. Ensure that you follow your throw through, being prepared to re…",https://cdn.jsdelivr.net/gh/yuhonas/free-exercise-db@main/exercises/Catch_and_Overhead_Throw/0.jpg,https://cdn.jsdelivr.net/gh/yuhonas/free-exercise-db@main/exercises/Catch_and_Overhead_Throw/1.jpg
Chair Leg Extended Stretch,Hamstrings,Other,"Sit upright in a chair and grip the seat on the sides. Raise one leg, extending the knee, flexing the ankle as you do so. Slowly move that leg outward as far as you can, and then back to the center and down. Repeat for your other leg.",https://cdn.jsdelivr.net/gh/yuhonas/free-exercise-db@main/exercises/Chair_Leg_Extended_Stretch/0.jpg,https://cdn.jsdelivr.net/gh/yuhonas/free-exercise-db@main/exercises/Chair_Leg_Extended_Stretch/1.jpg
Chair Lower Back Stretch,Lats,None,"Sit upright on a chair. Bend to one side with your arm over your head. You can hold onto the chair with your free hand. Hold for 10 seconds, and repeat for your other side.",https://cdn.jsdelivr.net/gh/yuhonas/free-exercise-db@main/exercises/Chair_Lower_Back_Stretch/0.jpg,https://cdn.jsdelivr.net/gh/yuhonas/free-exercise-db@main/exercises/Chair_Lower_Back_Stretch/1.jpg
Chair Upper Body Stretch,Shoulders,Other,"Sit on the edge of a chair, gripping the back of it. Straighten your arms, keeping your back straight, and pull your upper body forward so you feel a stretch. Hold for 20-30 seconds.",https://cdn.jsdelivr.net/gh/yuhonas/free-exercise-db@main/exercises/Chair_Upper_Body_Stretch/0.jpg,https://cdn.jsdelivr.net/gh/yuhonas/free-exercise-db@main/exercises/Chair_Upper_Body_Stretch/1.jpg
Chest And Front Of Shoulder Stretch,Chest,Other,"Start off by standing with your legs together, holding a bodybar or a broomstick. Take a slightly wider than shoulder width grip on the pole and hold it in front of you with your palms facing down. Carefully lift the pole up and behind y…",https://cdn.jsdelivr.net/gh/yuhonas/free-exercise-db@main/exercises/Chest_And_Front_Of_Shoulder_Stretch/0.jpg,https://cdn.jsdelivr.net/gh/yuhonas/free-exercise-db@main/exercises/Chest_And_Front_Of_Shoulder_Stretch/1.jpg
Chest Push from 3 point stance,Chest,Medicine ball,"Begin in a three point stance, squatted down with your back flat and one hand on the ground. Place the medicine ball directly in front of you. To begin, take your first step as you pull the ball to your chest, positioning both hands to p…",https://cdn.jsdelivr.net/gh/yuhonas/free-exercise-db@main/exercises/Chest_Push_from_3_point_stance/0.jpg,https://cdn.jsdelivr.net/gh/yuhonas/free-exercise-db@main/exercises/Chest_Push_from_3_point_stance/1.jpg
Chest Push (multiple response),Chest,Medicine ball,Begin in a kneeling position facing a wall or utilize a partner. Hold the ball with both hands tight into the chest. Execute the pass by exploding forward and outward with the hips while pushing the ball as hard as possible. Follow throu…,https://cdn.jsdelivr.net/gh/yuhonas/free-exercise-db@main/exercises/Chest_Push_multiple_response/0.jpg,https://cdn.jsdelivr.net/gh/yuhonas/free-exercise-db@main/exercises/Chest_Push_multiple_response/1.jpg
Chest Push (single response),Chest,Medicine ball,"Begin in a kneeling position holding the medicine ball with both hands tightly into the chest. Execute the pass by exploding forward and outward with the hips while pushing the ball as far as possible. Follow through by falling forward, …",https://cdn.jsdelivr.net/gh/yuhonas/free-exercise-db@main/exercises/Chest_Push_single_response/0.jpg,https://cdn.jsdelivr.net/gh/yuhonas/free-exercise-db@main/exercises/Chest_Push_single_response/1.jpg
Chest Push with Run Release,Chest,Medicine ball,"Begin in an athletic stance with the knees bent, hips back, and back flat. Hold the medicine ball near your legs. This will be your starting position. While taking your first step draw the medicine ball into your chest. As you take the s…",https://cdn.jsdelivr.net/gh/yuhonas/free-exercise-db@main/exercises/Chest_Push_with_Run_Release/0.jpg,https://cdn.jsdelivr.net/gh/yuhonas/free-exercise-db@main/exercises/Chest_Push_with_Run_Release/1.jpg
Chest Stretch on Stability Ball,Chest,Exercise ball,"Get on your hands and knees next to an exercise ball. Place your elbows on top of the ball, keeping your arm out to your side. This will be your starting position. Lower your torso towards the floor, keeping your elbow on top of the ball…",https://cdn.jsdelivr.net/gh/yuhonas/free-exercise-db@main/exercises/Chest_Stretch_on_Stability_Ball/0.jpg,https://cdn.jsdelivr.net/gh/yuhonas/free-exercise-db@main/exercises/Chest_Stretch_on_Stability_Ball/1.jpg
Child's Pose,Lower back,None,"Get on your hands and knees, walk your hands in front of you. Lower your buttocks down to sit on your heels. Let your arms drag along the floor as you sit back to stretch your entire spine. Once you settle onto your heels, bring your han…",https://cdn.jsdelivr.net/gh/yuhonas/free-exercise-db@main/exercises/Childs_Pose/0.jpg,https://cdn.jsdelivr.net/gh/yuhonas/free-exercise-db@main/exercises/Childs_Pose/1.jpg
Chin-Up,Lats,Bodyweight,"Grab the pull-up bar with the palms facing your torso and a grip closer than the shoulder width. As you have both arms extended in front of you holding the bar at the chosen grip width, keep your torso as straight as possible while creat…",https://cdn.jsdelivr.net/gh/yuhonas/free-exercise-db@main/exercises/Chin-Up/0.jpg,https://cdn.jsdelivr.net/gh/yuhonas/free-exercise-db@main/exercises/Chin-Up/1.jpg
Chin To Chest Stretch,Neck,None,"Get into a seated position on the floor. Place both hands at the rear of your head, fingers interlocked, thumbs pointing down and elbows pointing straight ahead. Slowly pull your head down to your chest. Hold for 20-30 seconds.",https://cdn.jsdelivr.net/gh/yuhonas/free-exercise-db@main/exercises/Chin_To_Chest_Stretch/0.jpg,https://cdn.jsdelivr.net/gh/yuhonas/free-exercise-db@main/exercises/Chin_To_Chest_Stretch/1.jpg
Clock Push-Up,Chest,Bodyweight,"Move into a prone position on the floor, supporting your weight on your hands and toes. Your arms should be fully extended with the hands around shoulder width. Keep your body straight throughout the movement. This will be your starting …",https://cdn.jsdelivr.net/gh/yuhonas/free-exercise-db@main/exercises/Clock_Push-Up/0.jpg,https://cdn.jsdelivr.net/gh/yuhonas/free-exercise-db@main/exercises/Clock_Push-Up/1.jpg
Close-Grip Dumbbell Press,Triceps,Dumbbell,"Place a dumbbell standing up on a flat bench. Ensuring that the dumbbell stays securely placed at the top of the bench, lie perpendicular to the bench with only your shoulders lying on the surface. Hips should be below the bench and your…",https://cdn.jsdelivr.net/gh/yuhonas/free-exercise-db@main/exercises/Close-Grip_Dumbbell_Press/0.jpg,https://cdn.jsdelivr.net/gh/yuhonas/free-exercise-db@main/exercises/Close-Grip_Dumbbell_Press/1.jpg
Close-Grip Push-Up off of a Dumbbell,Triceps,Bodyweight,"Lie on the floor and place your hands on an upright dumbbell. Supporting your weight on your toes and hands, keep your torso rigid and your elbows in with your arms straight. This will be your starting position. Lower your body, allowing…",https://cdn.jsdelivr.net/gh/yuhonas/free-exercise-db@main/exercises/Close-Grip_Push-Up_off_of_a_Dumbbell/0.jpg,https://cdn.jsdelivr.net/gh/yuhonas/free-exercise-db@main/exercises/Close-Grip_Push-Up_off_of_a_Dumbbell/1.jpg
Cocoons,Abdominals,Bodyweight,"Begin by lying on your back on the ground. Your legs should be straight and your arms extended behind your head. This will be your starting position. To perform the movement, tuck the knees toward your chest, rotating your pelvis to lift…",https://cdn.jsdelivr.net/gh/yuhonas/free-exercise-db@main/exercises/Cocoons/0.jpg,https://cdn.jsdelivr.net/gh/yuhonas/free-exercise-db@main/exercises/Cocoons/1.jpg
Concentration Curls,Biceps,Dumbbell,Sit down on a flat bench with one dumbbell in front of you between your legs. Your legs should be spread with your knees bent and feet on the floor. Use your right arm to pick the dumbbell up. Place the back of your right upper arm on th…,https://cdn.jsdelivr.net/gh/yuhonas/free-exercise-db@main/exercises/Concentration_Curls/0.jpg,https://cdn.jsdelivr.net/gh/yuhonas/free-exercise-db@main/exercises/Concentration_Curls/1.jpg
Cross-Body Crunch,Abdominals,Bodyweight,Lie flat on your back and bend your knees about 60 degrees. Keep your feet flat on the floor and place your hands loosely behind your head. This will be your starting position. Now curl up and bring your right elbow and shoulder across y…,https://cdn.jsdelivr.net/gh/yuhonas/free-exercise-db@main/exercises/Cross-Body_Crunch/0.jpg,https://cdn.jsdelivr.net/gh/yuhonas/free-exercise-db@main/exercises/Cross-Body_Crunch/1.jpg
Cross Body Hammer Curl,Biceps,Dumbbell,"Stand up straight with a dumbbell in each hand. Your hands should be down at your side with your palms facing in. While keeping your palms facing in and without twisting your arm, curl the dumbbell of the right arm up towards your left s…",https://cdn.jsdelivr.net/gh/yuhonas/free-exercise-db@main/exercises/Cross_Body_Hammer_Curl/0.jpg,https://cdn.jsdelivr.net/gh/yuhonas/free-exercise-db@main/exercises/Cross_Body_Hammer_Curl/1.jpg
Cross Over - With Bands,Chest,Bands,"Secure an exercise band around a stationary post. While facing away from the post, grab the handles on both ends of the band and step forward enough to create tension on the band. Raise your arms to the sides, parallel to the floor, perp…",https://cdn.jsdelivr.net/gh/yuhonas/free-exercise-db@main/exercises/Cross_Over_-_With_Bands/0.jpg,https://cdn.jsdelivr.net/gh/yuhonas/free-exercise-db@main/exercises/Cross_Over_-_With_Bands/1.jpg
Crossover Reverse Lunge,Lower back,None,"Stand with your feet shoulder width apart. This will be your starting position. Perform a rear lunge by stepping back with one foot and flexing the hips and front knee. As you do so, rotate your torso across the front leg. After a brief …",https://cdn.jsdelivr.net/gh/yuhonas/free-exercise-db@main/exercises/Crossover_Reverse_Lunge/0.jpg,https://cdn.jsdelivr.net/gh/yuhonas/free-exercise-db@main/exercises/Crossover_Reverse_Lunge/1.jpg
Crunch - Hands Overhead,Abdominals,Bodyweight,Lie on the floor with your back flat and knees bent with around a 60-degree angle between the hamstrings and the calves. Keep your feet flat on the floor and stretch your arms overhead with your palms crossed. This will be your starting …,https://cdn.jsdelivr.net/gh/yuhonas/free-exercise-db@main/exercises/Crunch_-_Hands_Overhead/0.jpg,https://cdn.jsdelivr.net/gh/yuhonas/free-exercise-db@main/exercises/Crunch_-_Hands_Overhead/1.jpg
Crunch - Legs On Exercise Ball,Abdominals,Bodyweight,Lie flat on your back with your feet resting on an exercise ball and your knees bent at a 90 degree angle. Place your feet three to four inches apart and point your toes inward so they touch. Place your hands lightly on either side of yo…,https://cdn.jsdelivr.net/gh/yuhonas/free-exercise-db@main/exercises/Crunch_-_Legs_On_Exercise_Ball/0.jpg,https://cdn.jsdelivr.net/gh/yuhonas/free-exercise-db@main/exercises/Crunch_-_Legs_On_Exercise_Ball/1.jpg
Crunches,Abdominals,Bodyweight,"Lie flat on your back with your feet flat on the ground, or resting on a bench with your knees bent at a 90 degree angle. If you are resting your feet on a bench, place them three to four inches apart and point your toes inward so they t…",https://cdn.jsdelivr.net/gh/yuhonas/free-exercise-db@main/exercises/Crunches/0.jpg,https://cdn.jsdelivr.net/gh/yuhonas/free-exercise-db@main/exercises/Crunches/1.jpg
Cuban Press,Shoulders,Dumbbell,"Take a dumbbell in each hand with a pronated grip in a standing position. Raise your upper arms so that they are parallel to the floor, allowing your lower arms to hang in the ""scarecrow"" position. This will be your starting position. To…",https://cdn.jsdelivr.net/gh/yuhonas/free-exercise-db@main/exercises/Cuban_Press/0.jpg,https://cdn.jsdelivr.net/gh/yuhonas/free-exercise-db@main/exercises/Cuban_Press/1.jpg
Dancer's Stretch,Lower back,None,"Sit up on the floor. Cross your right leg over your left, keeping the knee bent. Your left leg is straight and down on the floor. Place your left arm on your right leg and your right hand on the floor. Rotate your upper body to the right…",https://cdn.jsdelivr.net/gh/yuhonas/free-exercise-db@main/exercises/Dancers_Stretch/0.jpg,https://cdn.jsdelivr.net/gh/yuhonas/free-exercise-db@main/exercises/Dancers_Stretch/1.jpg
Dead Bug,Abdominals,Bodyweight,"Begin lying on your back with your hands extended above you toward the ceiling. Bring your feet, knees, and hips up to 90 degrees. Exhale hard to bring your ribcage down and flatten your back onto the floor, rotating your pelvis up and s…",https://cdn.jsdelivr.net/gh/yuhonas/free-exercise-db@main/exercises/Dead_Bug/0.jpg,https://cdn.jsdelivr.net/gh/yuhonas/free-exercise-db@main/exercises/Dead_Bug/1.jpg
Decline Crunch,Abdominals,Bodyweight,Secure your legs at the end of the decline bench and lie down. Now place your hands lightly on either side of your head keeping your elbows in. Tip: Don't lock your fingers behind your head. While pushing the small of your back down in t…,https://cdn.jsdelivr.net/gh/yuhonas/free-exercise-db@main/exercises/Decline_Crunch/0.jpg,https://cdn.jsdelivr.net/gh/yuhonas/free-exercise-db@main/exercises/Decline_Crunch/1.jpg
Decline Dumbbell Bench Press,Chest,Dumbbell,"Secure your legs at the end of the decline bench and lie down with a dumbbell on each hand on top of your thighs. The palms of your hand will be facing each other. Once you are laying down, move the dumbbells in front of you at shoulder …",https://cdn.jsdelivr.net/gh/yuhonas/free-exercise-db@main/exercises/Decline_Dumbbell_Bench_Press/0.jpg,https://cdn.jsdelivr.net/gh/yuhonas/free-exercise-db@main/exercises/Decline_Dumbbell_Bench_Press/1.jpg
Decline Dumbbell Flyes,Chest,Dumbbell,"Secure your legs at the end of the decline bench and lie down with a dumbbell on each hand on top of your thighs. The palms of your hand will be facing each other. Once you are laying down, move the dumbbells in front of you at shoulder …",https://cdn.jsdelivr.net/gh/yuhonas/free-exercise-db@main/exercises/Decline_Dumbbell_Flyes/0.jpg,https://cdn.jsdelivr.net/gh/yuhonas/free-exercise-db@main/exercises/Decline_Dumbbell_Flyes/1.jpg
Decline Dumbbell Triceps Extension,Triceps,Dumbbell,"Secure your legs at the end of the decline bench and lie down with a dumbbell on each hand on top of your thighs. The palms of your hand will be facing each other. Once you are laying down, move the dumbbells in front of you at shoulder …",https://cdn.jsdelivr.net/gh/yuhonas/free-exercise-db@main/exercises/Decline_Dumbbell_Triceps_Extension/0.jpg,https://cdn.jsdelivr.net/gh/yuhonas/free-exercise-db@main/exercises/Decline_Dumbbell_Triceps_Extension/1.jpg
Decline Oblique Crunch,Abdominals,Bodyweight,Secure your legs at the end of the decline bench and slowly lay down on the bench. Raise your upper body off the bench until your torso is about 35-45 degrees if measured from the floor. Put one hand beside your head and the other on you…,https://cdn.jsdelivr.net/gh/yuhonas/free-exercise-db@main/exercises/Decline_Oblique_Crunch/0.jpg,https://cdn.jsdelivr.net/gh/yuhonas/free-exercise-db@main/exercises/Decline_Oblique_Crunch/1.jpg
Decline Push-Up,Chest,None,"Lie on the floor face down and place your hands about 36 inches apart while holding your torso up at arms length. Move your feet up to a box or bench. This will be your starting position. Next, lower yourself downward until your chest al…",https://cdn.jsdelivr.net/gh/yuhonas/free-exercise-db@main/exercises/Decline_Push-Up/0.jpg,https://cdn.jsdelivr.net/gh/yuhonas/free-exercise-db@main/exercises/Decline_Push-Up/1.jpg
Decline Reverse Crunch,Abdominals,Bodyweight,Lie on your back on a decline bench and hold on to the top of the bench with both hands. Don't let your body slip down from this position. Hold your legs parallel to the floor using your abs to hold them there while keeping your knees an…,https://cdn.jsdelivr.net/gh/yuhonas/free-exercise-db@main/exercises/Decline_Reverse_Crunch/0.jpg,https://cdn.jsdelivr.net/gh/yuhonas/free-exercise-db@main/exercises/Decline_Reverse_Crunch/1.jpg
Depth Jump Leap,Quadriceps,Other,"For this drill you will need two boxes or benches, one 12 to 16 inches high and the other 22 to 26 inches high. Stand on one of the two boxes with arms at the sides; feet should be together and slightly off the edge as in the depth jump.…",https://cdn.jsdelivr.net/gh/yuhonas/free-exercise-db@main/exercises/Depth_Jump_Leap/0.jpg,https://cdn.jsdelivr.net/gh/yuhonas/free-exercise-db@main/exercises/Depth_Jump_Leap/1.jpg
Dips - Chest Version,Chest,Other,"For this exercise you will need access to parallel bars. To get yourself into the starting position, hold your body at arms length (arms locked) above the bars. While breathing in, lower yourself slowly with your torso leaning forward ar…",https://cdn.jsdelivr.net/gh/yuhonas/free-exercise-db@main/exercises/Dips_-_Chest_Version/0.jpg,https://cdn.jsdelivr.net/gh/yuhonas/free-exercise-db@main/exercises/Dips_-_Chest_Version/1.jpg
Dips - Triceps Version,Triceps,Bodyweight,"To get into the starting position, hold your body at arm's length with your arms nearly locked above the bars. Now, inhale and slowly lower yourself downward. Your torso should remain upright and your elbows should stay close to your bod…",https://cdn.jsdelivr.net/gh/yuhonas/free-exercise-db@main/exercises/Dips_-_Triceps_Version/0.jpg,https://cdn.jsdelivr.net/gh/yuhonas/free-exercise-db@main/exercises/Dips_-_Triceps_Version/1.jpg
Donkey Calf Raises,Calves,Other,For this exercise you will need access to a donkey calf raise machine. Start by positioning your lower back and hips under the padded lever provided. The tailbone area should be the one making contact with the pad. Place both of your arm…,https://cdn.jsdelivr.net/gh/yuhonas/free-exercise-db@main/exercises/Donkey_Calf_Raises/0.jpg,https://cdn.jsdelivr.net/gh/yuhonas/free-exercise-db@main/exercises/Donkey_Calf_Raises/1.jpg
Double Kettlebell Alternating Hang Clean,Hamstrings,Kettlebells,"Place two kettlebells between your feet. To get in the starting position, push your butt back and look straight ahead. Clean one kettlebell to your shoulder and hold on to the other kettlebell. With a fluid motion, lower the top kettlebe…",https://cdn.jsdelivr.net/gh/yuhonas/free-exercise-db@main/exercises/Double_Kettlebell_Alternating_Hang_Clean/0.jpg,https://cdn.jsdelivr.net/gh/yuhonas/free-exercise-db@main/exercises/Double_Kettlebell_Alternating_Hang_Clean/1.jpg
Double Kettlebell Jerk,Shoulders,Kettlebells,"Hold a kettlebell by the handle in each hand. Clean the kettlebells to your shoulders by extending through the legs and hips as you pull the kettlebells towards your shoulders. Rotate your wrists as you do so, so that the palms face forw…",https://cdn.jsdelivr.net/gh/yuhonas/free-exercise-db@main/exercises/Double_Kettlebell_Jerk/0.jpg,https://cdn.jsdelivr.net/gh/yuhonas/free-exercise-db@main/exercises/Double_Kettlebell_Jerk/1.jpg
Double Kettlebell Push Press,Shoulders,Kettlebells,"Clean two kettlebells to your shoulders. Squat down a few inches and reverse the motion rapidly. Use the momentum from the legs to drive the kettlebells overhead. Once the kettlebells are locked out, lower the kettlebells to your shoulde…",https://cdn.jsdelivr.net/gh/yuhonas/free-exercise-db@main/exercises/Double_Kettlebell_Push_Press/0.jpg,https://cdn.jsdelivr.net/gh/yuhonas/free-exercise-db@main/exercises/Double_Kettlebell_Push_Press/1.jpg
Double Kettlebell Windmill,Abdominals,Kettlebells,Place a kettlebell in front of your front foot and clean and press a kettlebell overhead with your opposite arm. Clean the kettlebell to your shoulder by extending through the legs and hips as you pull the kettlebell towards your shoulde…,https://cdn.jsdelivr.net/gh/yuhonas/free-exercise-db@main/exercises/Double_Kettlebell_Windmill/0.jpg,https://cdn.jsdelivr.net/gh/yuhonas/free-exercise-db@main/exercises/Double_Kettlebell_Windmill/1.jpg
Double Leg Butt Kick,Quadriceps,Bodyweight,"Begin standing with your knees slightly bent. Quickly squat a short distance, flexing the hips and knees, and immediately extend to jump for maximum vertical height. As you go up, tuck your heels by flexing the knees, attempting to touch…",https://cdn.jsdelivr.net/gh/yuhonas/free-exercise-db@main/exercises/Double_Leg_Butt_Kick/0.jpg,https://cdn.jsdelivr.net/gh/yuhonas/free-exercise-db@main/exercises/Double_Leg_Butt_Kick/1.jpg
Downward Facing Balance,Glutes,Exercise ball,"Lie facedown on top of an exercise ball. While resting on your stomach on the ball, walk your hands forward along the floor and lift your legs, extending your elbows and knees.",https://cdn.jsdelivr.net/gh/yuhonas/free-exercise-db@main/exercises/Downward_Facing_Balance/0.jpg,https://cdn.jsdelivr.net/gh/yuhonas/free-exercise-db@main/exercises/Downward_Facing_Balance/1.jpg
Drop Push,Chest,Other,"Position low boxes or other platforms 2-3 feet apart. Move to a pushup position between them, supporting yourself by placing your hands on the boxes. With good posture, drop from the platforms by pressing up and moving your hands to shou…",https://cdn.jsdelivr.net/gh/yuhonas/free-exercise-db@main/exercises/Drop_Push/0.jpg,https://cdn.jsdelivr.net/gh/yuhonas/free-exercise-db@main/exercises/Drop_Push/1.jpg
Dumbbell Alternate Bicep Curl,Biceps,Dumbbell,"Stand (torso upright) with a dumbbell in each hand held at arms length. The elbows should be close to the torso and the palms of your hand should be facing your thighs. While holding the upper arm stationary, curl the right weight as you…",https://cdn.jsdelivr.net/gh/yuhonas/free-exercise-db@main/exercises/Dumbbell_Alternate_Bicep_Curl/0.jpg,https://cdn.jsdelivr.net/gh/yuhonas/free-exercise-db@main/exercises/Dumbbell_Alternate_Bicep_Curl/1.jpg
Dumbbell Bench Press,Chest,Dumbbell,"Lie down on a flat bench with a dumbbell in each hand resting on top of your thighs. The palms of your hands will be facing each other. Then, using your thighs to help raise the dumbbells up, lift the dumbbells one at a time so that you …",https://cdn.jsdelivr.net/gh/yuhonas/free-exercise-db@main/exercises/Dumbbell_Bench_Press/0.jpg,https://cdn.jsdelivr.net/gh/yuhonas/free-exercise-db@main/exercises/Dumbbell_Bench_Press/1.jpg
Dumbbell Bench Press with Neutral Grip,Chest,Dumbbell,"Take a dumbbell in each hand and lay back onto a flat bench. Your feet should be flat on the floor and your shoulder blades retracted. Maintaining a neutral grip, palms facing each other, begin with your arms extended directly above you,…",https://cdn.jsdelivr.net/gh/yuhonas/free-exercise-db@main/exercises/Dumbbell_Bench_Press_with_Neutral_Grip/0.jpg,https://cdn.jsdelivr.net/gh/yuhonas/free-exercise-db@main/exercises/Dumbbell_Bench_Press_with_Neutral_Grip/1.jpg
Dumbbell Bicep Curl,Biceps,Dumbbell,"Stand up straight with a dumbbell in each hand at arm's length. Keep your elbows close to your torso and rotate the palms of your hands until they are facing forward. This will be your starting position. Now, keeping the upper arms stati…",https://cdn.jsdelivr.net/gh/yuhonas/free-exercise-db@main/exercises/Dumbbell_Bicep_Curl/0.jpg,https://cdn.jsdelivr.net/gh/yuhonas/free-exercise-db@main/exercises/Dumbbell_Bicep_Curl/1.jpg
Dumbbell Clean,Hamstrings,Dumbbell,"Begin standing with a dumbbell in each hand with your feet shoulder width apart. Lower the weights to the floor by flexing at the hips and knees, pushing your hips back until the dumbbells reach the floor. This will be your starting posi…",https://cdn.jsdelivr.net/gh/yuhonas/free-exercise-db@main/exercises/Dumbbell_Clean/0.jpg,https://cdn.jsdelivr.net/gh/yuhonas/free-exercise-db@main/exercises/Dumbbell_Clean/1.jpg
Dumbbell Flyes,Chest,Dumbbell,"Lie down on a flat bench with a dumbbell on each hand resting on top of your thighs. The palms of your hand will be facing each other. Then using your thighs to help raise the dumbbells, lift the dumbbells one at a time so you can hold t…",https://cdn.jsdelivr.net/gh/yuhonas/free-exercise-db@main/exercises/Dumbbell_Flyes/0.jpg,https://cdn.jsdelivr.net/gh/yuhonas/free-exercise-db@main/exercises/Dumbbell_Flyes/1.jpg
Dumbbell Incline Row,Middle back,Dumbbell,"Using a neutral grip, lean into an incline bench. Take a dumbbell in each hand with a neutral grip, beginning with the arms straight. This will be your starting position. Retract the shoulder blades and flex the elbows to row the dumbbel…",https://cdn.jsdelivr.net/gh/yuhonas/free-exercise-db@main/exercises/Dumbbell_Incline_Row/0.jpg,https://cdn.jsdelivr.net/gh/yuhonas/free-exercise-db@main/exercises/Dumbbell_Incline_Row/1.jpg
Dumbbell Incline Shoulder Raise,Shoulders,Dumbbell,Sit on an Incline Bench while holding a dumbbell on each hand on top of your thighs. Lift your legs up to kick the weights to your shoulders and lean back. Position the dumbbells above your shoulders with your arms extended. The arms sho…,https://cdn.jsdelivr.net/gh/yuhonas/free-exercise-db@main/exercises/Dumbbell_Incline_Shoulder_Raise/0.jpg,https://cdn.jsdelivr.net/gh/yuhonas/free-exercise-db@main/exercises/Dumbbell_Incline_Shoulder_Raise/1.jpg
Dumbbell Lunges,Quadriceps,Dumbbell,Stand with your torso upright holding two dumbbells in your hands by your sides. This will be your starting position. Step forward with your right leg around 2 feet or so from the foot being left stationary behind and lower your upper bo…,https://cdn.jsdelivr.net/gh/yuhonas/free-exercise-db@main/exercises/Dumbbell_Lunges/0.jpg,https://cdn.jsdelivr.net/gh/yuhonas/free-exercise-db@main/exercises/Dumbbell_Lunges/1.jpg
Dumbbell Lying One-Arm Rear Lateral Raise,Shoulders,Dumbbell,"While holding a dumbbell in one hand, lay with your chest down on a slightly inclined (around 15 degrees when measured from the floor) adjustable bench. The other hand can be used to hold to the leg of the bench for stability. Position t…",https://cdn.jsdelivr.net/gh/yuhonas/free-exercise-db@main/exercises/Dumbbell_Lying_One-Arm_Rear_Lateral_Raise/0.jpg,https://cdn.jsdelivr.net/gh/yuhonas/free-exercise-db@main/exercises/Dumbbell_Lying_One-Arm_Rear_Lateral_Raise/1.jpg
Dumbbell Lying Pronation,Forearms,Dumbbell,Lie on a flat bench face down with one arm holding a dumbbell and the other hand on top of the bench folded so that you can rest your head on it. Bend the elbows of the arm holding the dumbbell so that it creates a 90-degree angle betwee…,https://cdn.jsdelivr.net/gh/yuhonas/free-exercise-db@main/exercises/Dumbbell_Lying_Pronation/0.jpg,https://cdn.jsdelivr.net/gh/yuhonas/free-exercise-db@main/exercises/Dumbbell_Lying_Pronation/1.jpg
Dumbbell Lying Rear Lateral Raise,Shoulders,Dumbbell,"While holding a dumbbell in each hand, lay with your chest down on a slightly inclined (around 15 degrees when measured from the floor) adjustable bench. Position the palms of the hands in a neutral manner (palms facing your torso) as yo…",https://cdn.jsdelivr.net/gh/yuhonas/free-exercise-db@main/exercises/Dumbbell_Lying_Rear_Lateral_Raise/0.jpg,https://cdn.jsdelivr.net/gh/yuhonas/free-exercise-db@main/exercises/Dumbbell_Lying_Rear_Lateral_Raise/1.jpg
Dumbbell Lying Supination,Forearms,Dumbbell,Lie sideways on a flat bench with one arm holding a dumbbell and the other hand on top of the bench folded so that you can rest your head on it. Bend the elbows of the arm holding the dumbbell so that it creates a 90-degree angle between…,https://cdn.jsdelivr.net/gh/yuhonas/free-exercise-db@main/exercises/Dumbbell_Lying_Supination/0.jpg,https://cdn.jsdelivr.net/gh/yuhonas/free-exercise-db@main/exercises/Dumbbell_Lying_Supination/1.jpg
Dumbbell One-Arm Shoulder Press,Shoulders,Dumbbell,Grab a dumbbell and either sit on a military press bench or a utility bench that has a back support on it as you place the dumbbells upright on top of your thighs or stand up straight. Clean the dumbbell up to bring it to shoulder height…,https://cdn.jsdelivr.net/gh/yuhonas/free-exercise-db@main/exercises/Dumbbell_One-Arm_Shoulder_Press/0.jpg,https://cdn.jsdelivr.net/gh/yuhonas/free-exercise-db@main/exercises/Dumbbell_One-Arm_Shoulder_Press/1.jpg
Dumbbell One-Arm Triceps Extension,Triceps,Dumbbell,Grab a dumbbell and either sit on a military press bench or a utility bench that has a back support on it as you place the dumbbells upright on top of your thighs or stand up straight. Clean the dumbbell up to bring it to shoulder height…,https://cdn.jsdelivr.net/gh/yuhonas/free-exercise-db@main/exercises/Dumbbell_One-Arm_Triceps_Extension/0.jpg,https://cdn.jsdelivr.net/gh/yuhonas/free-exercise-db@main/exercises/Dumbbell_One-Arm_Triceps_Extension/1.jpg
Dumbbell One-Arm Upright Row,Shoulders,Dumbbell,Grab a dumbbell and stand up straight with your arm extended in front of you with a slight bend at the elbows and your back straight. This will be your starting position. Tip: The dumbbell should be resting on top of your thigh with the …,https://cdn.jsdelivr.net/gh/yuhonas/free-exercise-db@main/exercises/Dumbbell_One-Arm_Upright_Row/0.jpg,https://cdn.jsdelivr.net/gh/yuhonas/free-exercise-db@main/exercises/Dumbbell_One-Arm_Upright_Row/1.jpg
Dumbbell Prone Incline Curl,Biceps,Dumbbell,Grab a dumbbell on each hand and lie face down on an incline bench with your shoulders near top of the incline. Your knees can rest on the seat or your legs can be straddled to the sides (my preferred way). Let your arms extend and hang …,https://cdn.jsdelivr.net/gh/yuhonas/free-exercise-db@main/exercises/Dumbbell_Prone_Incline_Curl/0.jpg,https://cdn.jsdelivr.net/gh/yuhonas/free-exercise-db@main/exercises/Dumbbell_Prone_Incline_Curl/1.jpg
Dumbbell Raise,Shoulders,Dumbbell,Grab a dumbbell in each arm and stand up straight with your arms extended by your sides with a slight bend at the elbows and your back straight. This will be your starting position. Tip: The dumbbell should be next to your thighs with th…,https://cdn.jsdelivr.net/gh/yuhonas/free-exercise-db@main/exercises/Dumbbell_Raise/0.jpg,https://cdn.jsdelivr.net/gh/yuhonas/free-exercise-db@main/exercises/Dumbbell_Raise/1.jpg
Dumbbell Rear Lunge,Quadriceps,Dumbbell,"Stand with your torso upright holding two dumbbells in your hands by your sides. This will be your starting position. Step backward with your right leg around two feet or so from the left foot and lower your upper body down, while keepin…",https://cdn.jsdelivr.net/gh/yuhonas/free-exercise-db@main/exercises/Dumbbell_Rear_Lunge/0.jpg,https://cdn.jsdelivr.net/gh/yuhonas/free-exercise-db@main/exercises/Dumbbell_Rear_Lunge/1.jpg
Dumbbell Scaption,Shoulders,Dumbbell,"This corrective exercise strengthens the muscles that stabilize your shoulder blade. Hold a light weight in each hand, hanging at your sides. Your thumbs should pointing up. Begin the movement raising your arms out in front of you, about…",https://cdn.jsdelivr.net/gh/yuhonas/free-exercise-db@main/exercises/Dumbbell_Scaption/0.jpg,https://cdn.jsdelivr.net/gh/yuhonas/free-exercise-db@main/exercises/Dumbbell_Scaption/1.jpg
Dumbbell Seated Box Jump,Quadriceps,Dumbbell,Position a box a couple feet to the side of a bench. Hold a dumbbell to your chest with both hands and seat yourself on the bench facing the box. This will be your starting position. Plant your feet firmly on the ground as you lean forwa…,https://cdn.jsdelivr.net/gh/yuhonas/free-exercise-db@main/exercises/Dumbbell_Seated_Box_Jump/0.jpg,https://cdn.jsdelivr.net/gh/yuhonas/free-exercise-db@main/exercises/Dumbbell_Seated_Box_Jump/1.jpg
Dumbbell Seated One-Leg Calf Raise,Calves,Dumbbell,Place a block on the floor about 12 inches from a flat bench. Sit on a flat bench and place a dumbbell on your upper left thigh about 3 inches above your knee. Now place the ball of your left foot on the block. This will be your starting…,https://cdn.jsdelivr.net/gh/yuhonas/free-exercise-db@main/exercises/Dumbbell_Seated_One-Leg_Calf_Raise/0.jpg,https://cdn.jsdelivr.net/gh/yuhonas/free-exercise-db@main/exercises/Dumbbell_Seated_One-Leg_Calf_Raise/1.jpg
Dumbbell Shoulder Press,Shoulders,Dumbbell,"While holding a dumbbell in each hand, sit on a military press bench or utility bench that has back support. Place the dumbbells upright on top of your thighs. Now raise the dumbbells to shoulder height one at a time using your thighs to…",https://cdn.jsdelivr.net/gh/yuhonas/free-exercise-db@main/exercises/Dumbbell_Shoulder_Press/0.jpg,https://cdn.jsdelivr.net/gh/yuhonas/free-exercise-db@main/exercises/Dumbbell_Shoulder_Press/1.jpg
Dumbbell Shrug,Traps,Dumbbell,"Stand erect with a dumbbell on each hand (palms facing your torso), arms extended on the sides. Lift the dumbbells by elevating the shoulders as high as possible while you exhale. Hold the contraction at the top for a second. Tip: The ar…",https://cdn.jsdelivr.net/gh/yuhonas/free-exercise-db@main/exercises/Dumbbell_Shrug/0.jpg,https://cdn.jsdelivr.net/gh/yuhonas/free-exercise-db@main/exercises/Dumbbell_Shrug/1.jpg
Dumbbell Side Bend,Abdominals,Dumbbell,Stand up straight while holding a dumbbell on the left hand (palms facing the torso) as you have the right hand holding your waist. Your feet should be placed at shoulder width. This will be your starting position. While keeping your bac…,https://cdn.jsdelivr.net/gh/yuhonas/free-exercise-db@main/exercises/Dumbbell_Side_Bend/0.jpg,https://cdn.jsdelivr.net/gh/yuhonas/free-exercise-db@main/exercises/Dumbbell_Side_Bend/1.jpg
Dumbbell Squat,Quadriceps,Dumbbell,Stand up straight while holding a dumbbell on each hand (palms facing the side of your legs). Position your legs using a shoulder width medium stance with the toes slightly pointed out. Keep your head up at all times as looking down will…,https://cdn.jsdelivr.net/gh/yuhonas/free-exercise-db@main/exercises/Dumbbell_Squat/0.jpg,https://cdn.jsdelivr.net/gh/yuhonas/free-exercise-db@main/exercises/Dumbbell_Squat/1.jpg
Dumbbell Squat To A Bench,Quadriceps,Dumbbell,Stand up straight with a flat bench behind you while holding a dumbbell on each hand (palms facing the side of your legs). Position your legs using a shoulder width medium stance with the toes slightly pointed out. Keep your head up at a…,https://cdn.jsdelivr.net/gh/yuhonas/free-exercise-db@main/exercises/Dumbbell_Squat_To_A_Bench/0.jpg,https://cdn.jsdelivr.net/gh/yuhonas/free-exercise-db@main/exercises/Dumbbell_Squat_To_A_Bench/1.jpg
Dumbbell Step Ups,Quadriceps,Dumbbell,Stand up straight while holding a dumbbell on each hand (palms facing the side of your legs). Place the right foot on the elevated platform. Step on the platform by extending the hip and the knee of your right leg. Use the heel mainly to…,https://cdn.jsdelivr.net/gh/yuhonas/free-exercise-db@main/exercises/Dumbbell_Step_Ups/0.jpg,https://cdn.jsdelivr.net/gh/yuhonas/free-exercise-db@main/exercises/Dumbbell_Step_Ups/1.jpg
Dumbbell Tricep Extension -Pronated Grip,Triceps,Dumbbell,"Lie down on a flat bench holding two dumbbells directly above your shoulders. Your arms should be fully extended and form a 90 degree angle from your torso and the floor. The palms of your hands should be facing forward, and your elbows …",https://cdn.jsdelivr.net/gh/yuhonas/free-exercise-db@main/exercises/Dumbbell_Tricep_Extension_-Pronated_Grip/0.jpg,https://cdn.jsdelivr.net/gh/yuhonas/free-exercise-db@main/exercises/Dumbbell_Tricep_Extension_-Pronated_Grip/1.jpg
Dynamic Back Stretch,Lats,None,"Stand with your feet shoulder width apart. This will be your starting position. Keeping your arms straight, swing them straight up in front of you 5-10 times, increasing the range of motion each time until your arms are above your head.",https://cdn.jsdelivr.net/gh/yuhonas/free-exercise-db@main/exercises/Dynamic_Back_Stretch/0.jpg,https://cdn.jsdelivr.net/gh/yuhonas/free-exercise-db@main/exercises/Dynamic_Back_Stretch/1.jpg
Dynamic Chest Stretch,Chest,None,"Stand with your hands together, arms extended directly in front of you. This will be your starting position. Keeping your arms straight, quickly move your arms back as far as possible and back in again, similar to an exaggerated clapping…",https://cdn.jsdelivr.net/gh/yuhonas/free-exercise-db@main/exercises/Dynamic_Chest_Stretch/0.jpg,https://cdn.jsdelivr.net/gh/yuhonas/free-exercise-db@main/exercises/Dynamic_Chest_Stretch/1.jpg
Elbow Circles,Shoulders,None,Sit or stand with your feet slightly apart. Place your hands on your shoulders with your elbows at shoulder level and pointing out. Slowly make a circle with your elbows. Breathe out as you start the circle and breathe in as you complete…,https://cdn.jsdelivr.net/gh/yuhonas/free-exercise-db@main/exercises/Elbow_Circles/0.jpg,https://cdn.jsdelivr.net/gh/yuhonas/free-exercise-db@main/exercises/Elbow_Circles/1.jpg
Elbow to Knee,Abdominals,Bodyweight,"Lie on the floor, crossing your right leg across your bent left knee. Clasp your hands behind your head, beginning with your shoulder blades on the ground. This will be your starting position. Perform the motion by flexing the spine and …",https://cdn.jsdelivr.net/gh/yuhonas/free-exercise-db@main/exercises/Elbow_to_Knee/0.jpg,https://cdn.jsdelivr.net/gh/yuhonas/free-exercise-db@main/exercises/Elbow_to_Knee/1.jpg
Elbows Back,Chest,None,"Stand up straight. Place both hands on your lower back, fingers pointing downward and elbows out. Then gently pull your elbows back aiming to touch them together.",https://cdn.jsdelivr.net/gh/yuhonas/free-exercise-db@main/exercises/Elbows_Back/0.jpg,https://cdn.jsdelivr.net/gh/yuhonas/free-exercise-db@main/exercises/Elbows_Back/1.jpg
Exercise Ball Crunch,Abdominals,Exercise ball,Lie on an exercise ball with your lower back curvature pressed against the spherical surface of the ball. Your feet should be bent at the knee and pressed firmly against the floor. The upper torso should be hanging off the top of the bal…,https://cdn.jsdelivr.net/gh/yuhonas/free-exercise-db@main/exercises/Exercise_Ball_Crunch/0.jpg,https://cdn.jsdelivr.net/gh/yuhonas/free-exercise-db@main/exercises/Exercise_Ball_Crunch/1.jpg
Exercise Ball Pull-In,Abdominals,Exercise ball,Place an exercise ball nearby and lay on the floor in front of it with your hands on the floor shoulder width apart in a push-up position. Now place your lower shins on top of an exercise ball. Tip: At this point your legs should be full…,https://cdn.jsdelivr.net/gh/yuhonas/free-exercise-db@main/exercises/Exercise_Ball_Pull-In/0.jpg,https://cdn.jsdelivr.net/gh/yuhonas/free-exercise-db@main/exercises/Exercise_Ball_Pull-In/1.jpg
Extended Range One-Arm Kettlebell Floor Press,Chest,Kettlebells,"Lie on the floor and position a kettlebell for one arm to press. The kettlebell should be held by the handle. The leg on the same side that you are pressing should be bent, with the knee crossing over the midline of the body. Press the k…",https://cdn.jsdelivr.net/gh/yuhonas/free-exercise-db@main/exercises/Extended_Range_One-Arm_Kettlebell_Floor_Press/0.jpg,https://cdn.jsdelivr.net/gh/yuhonas/free-exercise-db@main/exercises/Extended_Range_One-Arm_Kettlebell_Floor_Press/1.jpg
External Rotation,Shoulders,Dumbbell,Lie sideways on a flat bench with one arm holding a dumbbell and the other hand on top of the bench folded so that you can rest your head on it. Bend the elbows of the arm holding the dumbbell so that it creates a 90-degree angle between…,https://cdn.jsdelivr.net/gh/yuhonas/free-exercise-db@main/exercises/External_Rotation/0.jpg,https://cdn.jsdelivr.net/gh/yuhonas/free-exercise-db@main/exercises/External_Rotation/1.jpg
External Rotation with Band,Shoulders,Bands,"Choke the band around a post. The band should be at the same height as your elbow. Stand with your left side to the band a couple of feet away. Grasp the end of the band with your right hand, and keep your elbow pressed firmly to your si…",https://cdn.jsdelivr.net/gh/yuhonas/free-exercise-db@main/exercises/External_Rotation_with_Band/0.jpg,https://cdn.jsdelivr.net/gh/yuhonas/free-exercise-db@main/exercises/External_Rotation_with_Band/1.jpg
Fast Skipping,Quadriceps,Bodyweight,"Start in a relaxed position with one leg slightly forward. This will be your starting position. Skip by executing a step-hop pattern of right-right-step to left-left-step, and so on, alternating back and forth. Perform fast skips by main…",https://cdn.jsdelivr.net/gh/yuhonas/free-exercise-db@main/exercises/Fast_Skipping/0.jpg,https://cdn.jsdelivr.net/gh/yuhonas/free-exercise-db@main/exercises/Fast_Skipping/1.jpg
Flat Bench Leg Pull-In,Abdominals,Bodyweight,Lie on an exercise mat or a flat bench with your legs off the end. Place your hands either under your glutes with your palms down or by the sides holding on to the bench (or with palms down by the side on an exercise mat). Also extend yo…,https://cdn.jsdelivr.net/gh/yuhonas/free-exercise-db@main/exercises/Flat_Bench_Leg_Pull-In/0.jpg,https://cdn.jsdelivr.net/gh/yuhonas/free-exercise-db@main/exercises/Flat_Bench_Leg_Pull-In/1.jpg
Flat Bench Lying Leg Raise,Abdominals,Bodyweight,Lie with your back flat on a bench and your legs extended in front of you off the end. Place your hands either under your glutes with your palms down or by the sides holding on to the bench. This will be your starting position. As you ke…,https://cdn.jsdelivr.net/gh/yuhonas/free-exercise-db@main/exercises/Flat_Bench_Lying_Leg_Raise/0.jpg,https://cdn.jsdelivr.net/gh/yuhonas/free-exercise-db@main/exercises/Flat_Bench_Lying_Leg_Raise/1.jpg
Flexor Incline Dumbbell Curls,Biceps,Dumbbell,"Hold the dumbbell towards the side farther from you so that you have more weight on the side closest to you. (This can be done for a good effect on all bicep dumbbell exercises). Now do a normal incline dumbbell curl, but keep your wrist…",https://cdn.jsdelivr.net/gh/yuhonas/free-exercise-db@main/exercises/Flexor_Incline_Dumbbell_Curls/0.jpg,https://cdn.jsdelivr.net/gh/yuhonas/free-exercise-db@main/exercises/Flexor_Incline_Dumbbell_Curls/1.jpg
Floor Glute-Ham Raise,Hamstrings,None,"You can use a partner for this exercise or brace your feet under something stable. Begin on your knees with your upper legs and torso upright. If using a partner, they will firmly hold your feet to keep you in position. This will be your…",https://cdn.jsdelivr.net/gh/yuhonas/free-exercise-db@main/exercises/Floor_Glute-Ham_Raise/0.jpg,https://cdn.jsdelivr.net/gh/yuhonas/free-exercise-db@main/exercises/Floor_Glute-Ham_Raise/1.jpg
Flutter Kicks,Glutes,Bodyweight,"On a flat bench lie facedown with the hips on the edge of the bench, the legs straight with toes high off the floor and with the arms on top of the bench holding on to the front edge. Squeeze your glutes and hamstrings and straighten the…",https://cdn.jsdelivr.net/gh/yuhonas/free-exercise-db@main/exercises/Flutter_Kicks/0.jpg,https://cdn.jsdelivr.net/gh/yuhonas/free-exercise-db@main/exercises/Flutter_Kicks/1.jpg
Foot-SMR,Calves,Other,"This exercise stretches the fascia of the muscles in the feet. Start off seated with your shoes removed. Using a foot roller or a similar object, such as a small section of pvc pipe, place your foot against the roller across the arch of …",https://cdn.jsdelivr.net/gh/yuhonas/free-exercise-db@main/exercises/Foot-SMR/0.jpg,https://cdn.jsdelivr.net/gh/yuhonas/free-exercise-db@main/exercises/Foot-SMR/1.jpg
Freehand Jump Squat,Quadriceps,Bodyweight,"Cross your arms over your chest. With your head up and your back straight, position your feet at shoulder width. Keeping your back straight and chest up, squat down as you inhale until your upper thighs are parallel, or lower, to the flo…",https://cdn.jsdelivr.net/gh/yuhonas/free-exercise-db@main/exercises/Freehand_Jump_Squat/0.jpg,https://cdn.jsdelivr.net/gh/yuhonas/free-exercise-db@main/exercises/Freehand_Jump_Squat/1.jpg
Frog Hops,Quadriceps,None,"Stand with your hands behind your head, and squat down keeping your torso upright and your head up. This will be your starting position. Jump forward several feet, avoiding jumping unnecessarily high. As your feet contact the ground, abs…",https://cdn.jsdelivr.net/gh/yuhonas/free-exercise-db@main/exercises/Frog_Hops/0.jpg,https://cdn.jsdelivr.net/gh/yuhonas/free-exercise-db@main/exercises/Frog_Hops/1.jpg
Frog Sit-Ups,Abdominals,Bodyweight,Lie with your back flat on the floor (or exercise mat) and your legs extended in front of you. Now bend at the knees and place your outer thighs by the floor (or mat) as you make the soles of your feet touch each other. Now try pushing b…,https://cdn.jsdelivr.net/gh/yuhonas/free-exercise-db@main/exercises/Frog_Sit-Ups/0.jpg,https://cdn.jsdelivr.net/gh/yuhonas/free-exercise-db@main/exercises/Frog_Sit-Ups/1.jpg
Front Box Jump,Hamstrings,Other,"Begin with a box of an appropriate height 1-2 feet in front of you. Stand with your feet should width apart. This will be your starting position. Perform a short squat in preparation for jumping, swinging your arms behind you. Rebound ou…",https://cdn.jsdelivr.net/gh/yuhonas/free-exercise-db@main/exercises/Front_Box_Jump/0.jpg,https://cdn.jsdelivr.net/gh/yuhonas/free-exercise-db@main/exercises/Front_Box_Jump/1.jpg
Front Cone Hops (or hurdle hops),Quadriceps,Other,"Set up a row of cones or other small barriers, placing them a few feet apart. Stand in front of the first cone with your feet shoulder width apart. This will be your starting position. Begin by jumping with both feet over the first cone,…",https://cdn.jsdelivr.net/gh/yuhonas/free-exercise-db@main/exercises/Front_Cone_Hops_or_hurdle_hops/0.jpg,https://cdn.jsdelivr.net/gh/yuhonas/free-exercise-db@main/exercises/Front_Cone_Hops_or_hurdle_hops/1.jpg
Front Dumbbell Raise,Shoulders,Dumbbell,Pick a couple of dumbbells and stand with a straight torso and the dumbbells on front of your thighs at arms length with the palms of the hand facing your thighs. This will be your starting position. While maintaining the torso stationar…,https://cdn.jsdelivr.net/gh/yuhonas/free-exercise-db@main/exercises/Front_Dumbbell_Raise/0.jpg,https://cdn.jsdelivr.net/gh/yuhonas/free-exercise-db@main/exercises/Front_Dumbbell_Raise/1.jpg
Front Incline Dumbbell Raise,Shoulders,Dumbbell,Sit down on an incline bench with the incline set anywhere between 30 to 60 degrees while holding a dumbbell on each hand. Tip: You can change the angle to hit the muscle a little differently each time. Extend your arms straight in front…,https://cdn.jsdelivr.net/gh/yuhonas/free-exercise-db@main/exercises/Front_Incline_Dumbbell_Raise/0.jpg,https://cdn.jsdelivr.net/gh/yuhonas/free-exercise-db@main/exercises/Front_Incline_Dumbbell_Raise/1.jpg
Front Leg Raises,Hamstrings,Bodyweight,"Stand next to a chair or other support, holding on with one hand. Swing your leg forward, keeping the leg straight. Continue with a downward swing, bringing the leg as far back as your flexibility allows. Repeat 5-10 times, and then swit…",https://cdn.jsdelivr.net/gh/yuhonas/free-exercise-db@main/exercises/Front_Leg_Raises/0.jpg,https://cdn.jsdelivr.net/gh/yuhonas/free-exercise-db@main/exercises/Front_Leg_Raises/1.jpg
Front Plate Raise,Shoulders,Other,"While standing straight, hold a barbell plate in both hands at the 3 and 9 o'clock positions. Your palms should be facing each other and your arms should be extended and locked with a slight bend at the elbows and the plate should be dow…",https://cdn.jsdelivr.net/gh/yuhonas/free-exercise-db@main/exercises/Front_Plate_Raise/0.jpg,https://cdn.jsdelivr.net/gh/yuhonas/free-exercise-db@main/exercises/Front_Plate_Raise/1.jpg
Front Squats With Two Kettlebells,Quadriceps,Kettlebells,Clean two kettlebells to your shoulders. Clean the kettlebells to your shoulders by extending through the legs and hips as you pull the kettlebells towards your shoulders. Rotate your wrists as you do so. Looking straight ahead at all ti…,https://cdn.jsdelivr.net/gh/yuhonas/free-exercise-db@main/exercises/Front_Squats_With_Two_Kettlebells/0.jpg,https://cdn.jsdelivr.net/gh/yuhonas/free-exercise-db@main/exercises/Front_Squats_With_Two_Kettlebells/1.jpg
Front Two-Dumbbell Raise,Shoulders,Dumbbell,Pick a couple of dumbbells and stand with a straight torso and the dumbbells on front of your thighs at arms length with the palms of the hand facing your thighs. This will be your starting position. While maintaining the torso stationar…,https://cdn.jsdelivr.net/gh/yuhonas/free-exercise-db@main/exercises/Front_Two-Dumbbell_Raise/0.jpg,https://cdn.jsdelivr.net/gh/yuhonas/free-exercise-db@main/exercises/Front_Two-Dumbbell_Raise/1.jpg
Gironda Sternum Chins,Lats,Other,Grasp the pull-up bar with a shoulder width underhand grip. Now hang with your arms fully extended and stick your chest out and lean back. Tip: You will be leaning back throughout the entire movement. This will be your starting position.…,https://cdn.jsdelivr.net/gh/yuhonas/free-exercise-db@main/exercises/Gironda_Sternum_Chins/0.jpg,https://cdn.jsdelivr.net/gh/yuhonas/free-exercise-db@main/exercises/Gironda_Sternum_Chins/1.jpg
Glute Kickback,Glutes,Bodyweight,Kneel on the floor or an exercise mat and bend at the waist with your arms extended in front of you (perpendicular to the torso) in order to get into a kneeling push-up position but with the arms spaced at shoulder width. Your head shoul…,https://cdn.jsdelivr.net/gh/yuhonas/free-exercise-db@main/exercises/Glute_Kickback/0.jpg,https://cdn.jsdelivr.net/gh/yuhonas/free-exercise-db@main/exercises/Glute_Kickback/1.jpg
Goblet Squat,Quadriceps,Kettlebells,Stand holding a light kettlebell by the horns close to your chest. This will be your starting position. Squat down between your legs until your hamstrings are on your calves. Keep your chest and head up and your back straight. At the bot…,https://cdn.jsdelivr.net/gh/yuhonas/free-exercise-db@main/exercises/Goblet_Squat/0.jpg,https://cdn.jsdelivr.net/gh/yuhonas/free-exercise-db@main/exercises/Goblet_Squat/1.jpg
Gorilla Chin/Crunch,Abdominals,Bodyweight,Hang from a chin-up bar using an underhand grip (palms facing you) that is slightly wider than shoulder width. Now bend your knees at a 90 degree angle so that the calves are parallel to the floor while the thighs remain perpendicular to…,https://cdn.jsdelivr.net/gh/yuhonas/free-exercise-db@main/exercises/Gorilla_Chin_Crunch/0.jpg,https://cdn.jsdelivr.net/gh/yuhonas/free-exercise-db@main/exercises/Gorilla_Chin_Crunch/1.jpg
Groin and Back Stretch,Adductors,None,"Sit on the floor with your knees bent and feet together. Interlock your fingers behind your head. This will be your starting position. Curl downwards, bringing your elbows to the inside of your thighs. After a brief pause, return to the …",https://cdn.jsdelivr.net/gh/yuhonas/free-exercise-db@main/exercises/Groin_and_Back_Stretch/0.jpg,https://cdn.jsdelivr.net/gh/yuhonas/free-exercise-db@main/exercises/Groin_and_Back_Stretch/1.jpg
Groiners,Adductors,Bodyweight,"Begin in a pushup position on the floor. This will be your starting position. Using both legs, jump forward landing with your feet next to your hands. Keep your head up as you do so. Return to the starting position and immediately repeat…",https://cdn.jsdelivr.net/gh/yuhonas/free-exercise-db@main/exercises/Groiners/0.jpg,https://cdn.jsdelivr.net/gh/yuhonas/free-exercise-db@main/exercises/Groiners/1.jpg
Hammer Curls,Biceps,Dumbbell,"Stand up with your torso upright and a dumbbell on each hand being held at arms length. The elbows should be close to the torso. The palms of the hands should be facing your torso. This will be your starting position. Now, while holding …",https://cdn.jsdelivr.net/gh/yuhonas/free-exercise-db@main/exercises/Hammer_Curls/0.jpg,https://cdn.jsdelivr.net/gh/yuhonas/free-exercise-db@main/exercises/Hammer_Curls/1.jpg
Hammer Grip Incline DB Bench Press,Chest,Dumbbell,"Lie back on an incline bench with a dumbbell on each hand on top of your thighs. The palms of your hand will be facing each other. By using your thighs to help you get the dumbbells up, clean the dumbbells one arm at a time so that you c…",https://cdn.jsdelivr.net/gh/yuhonas/free-exercise-db@main/exercises/Hammer_Grip_Incline_DB_Bench_Press/0.jpg,https://cdn.jsdelivr.net/gh/yuhonas/free-exercise-db@main/exercises/Hammer_Grip_Incline_DB_Bench_Press/1.jpg
Hamstring-SMR,Hamstrings,Foam roll,"In a seated position, extend your legs over a foam roll so that it is position on the back of the upper legs. Place your hands to the side or behind you to help support your weight. This will be your starting position. Using your hands, …",https://cdn.jsdelivr.net/gh/yuhonas/free-exercise-db@main/exercises/Hamstring-SMR/0.jpg,https://cdn.jsdelivr.net/gh/yuhonas/free-exercise-db@main/exercises/Hamstring-SMR/1.jpg
Hamstring Stretch,Hamstrings,None,"Lie on your back with one leg extended above you, with the hip at ninety degrees. Keep the other leg flat on the floor. Loop a belt, band, or rope over the ball of your foot. This will be your starting position. Pull on the belt to creat…",https://cdn.jsdelivr.net/gh/yuhonas/free-exercise-db@main/exercises/Hamstring_Stretch/0.jpg,https://cdn.jsdelivr.net/gh/yuhonas/free-exercise-db@main/exercises/Hamstring_Stretch/1.jpg
Heavy Bag Thrust,Chest,Other,"Utilize a heavy bag for this exercise. Assume an upright stance next to the bag, with your feet staggered, fairly wide apart. Place your hand on the bag at about chest height. This will be your starting position. Begin by twisting at the…",https://cdn.jsdelivr.net/gh/yuhonas/free-exercise-db@main/exercises/Heavy_Bag_Thrust/0.jpg,https://cdn.jsdelivr.net/gh/yuhonas/free-exercise-db@main/exercises/Heavy_Bag_Thrust/1.jpg
Hip Circles (prone),Abductors,Bodyweight,"Position yourself on your hands and knees on the ground. Maintaining good posture, raise one bent knee off of the ground. This will be your starting position. Keeping the knee in a bent position, rotate the femur in an arc, attempting to…",https://cdn.jsdelivr.net/gh/yuhonas/free-exercise-db@main/exercises/Hip_Circles_prone/0.jpg,https://cdn.jsdelivr.net/gh/yuhonas/free-exercise-db@main/exercises/Hip_Circles_prone/1.jpg
Hip Extension with Bands,Glutes,Bands,"Secure one end of the band to the lower portion of a post and attach the other to one ankle. Facing the attachment point of the band, hold on to the column to stabilize yourself. Keeping your head and your chest up, move the resisted leg…",https://cdn.jsdelivr.net/gh/yuhonas/free-exercise-db@main/exercises/Hip_Extension_with_Bands/0.jpg,https://cdn.jsdelivr.net/gh/yuhonas/free-exercise-db@main/exercises/Hip_Extension_with_Bands/1.jpg
Hip Flexion with Band,Quadriceps,Bands,"Secure one end of the band to the lower portion of a post and attach the other to one ankle. Face away from the attachment point of the band. Keeping your head and your chest up, raise your knee up to 90 degrees and pause. Return the leg…",https://cdn.jsdelivr.net/gh/yuhonas/free-exercise-db@main/exercises/Hip_Flexion_with_Band/0.jpg,https://cdn.jsdelivr.net/gh/yuhonas/free-exercise-db@main/exercises/Hip_Flexion_with_Band/1.jpg
Hug A Ball,Lower back,Exercise ball,Seat yourself on the floor. Straddle an exercise ball between both legs and lower your hips down toward the floor. Hug your arms around the ball to support your body. Adjust your legs so that your feet are flat on the floor and your knee…,https://cdn.jsdelivr.net/gh/yuhonas/free-exercise-db@main/exercises/Hug_A_Ball/0.jpg,https://cdn.jsdelivr.net/gh/yuhonas/free-exercise-db@main/exercises/Hug_A_Ball/1.jpg
Hug Knees To Chest,Lower back,None,"Lie down on your back and pull both knees up to your chest. Hold your arms under the knees, not over (that would put to much pressure on your knee joints). Slowly pull the knees toward your shoulders. This also stretches your buttocks mu…",https://cdn.jsdelivr.net/gh/yuhonas/free-exercise-db@main/exercises/Hug_Knees_To_Chest/0.jpg,https://cdn.jsdelivr.net/gh/yuhonas/free-exercise-db@main/exercises/Hug_Knees_To_Chest/1.jpg
Hurdle Hops,Hamstrings,Other,"Set up a row of hurdles or other small barriers, placing them a few feet apart. Stand in front of the first hurdle with your feet shoulder width apart. This will be your starting position. Begin by jumping with both feet over the first h…",https://cdn.jsdelivr.net/gh/yuhonas/free-exercise-db@main/exercises/Hurdle_Hops/0.jpg,https://cdn.jsdelivr.net/gh/yuhonas/free-exercise-db@main/exercises/Hurdle_Hops/1.jpg
Hyperextensions (Back Extensions),Lower back,Other,"Lie face down on a hyperextension bench, tucking your ankles securely under the footpads. Adjust the upper pad if possible so your upper thighs lie flat across the wide pad, leaving enough room for you to bend at the waist without any re…",https://cdn.jsdelivr.net/gh/yuhonas/free-exercise-db@main/exercises/Hyperextensions_Back_Extensions/0.jpg,https://cdn.jsdelivr.net/gh/yuhonas/free-exercise-db@main/exercises/Hyperextensions_Back_Extensions/1.jpg
Hyperextensions With No Hyperextension Bench,Lower back,Bodyweight,"With someone holding down your legs, slide yourself down to the edge a flat bench until your hips hang off the end of the bench. Tip: Your entire upper body should be hanging down towards the floor. Also, you will be in the same position…",https://cdn.jsdelivr.net/gh/yuhonas/free-exercise-db@main/exercises/Hyperextensions_With_No_Hyperextension_Bench/0.jpg,https://cdn.jsdelivr.net/gh/yuhonas/free-exercise-db@main/exercises/Hyperextensions_With_No_Hyperextension_Bench/1.jpg
IT Band and Glute Stretch,Abductors,Other,"Loop a belt, rope, or band around one of your feet, and swing that leg across your body to the opposite side, keeping the leg extended as you lay on the ground. This will be your starting position. Keeping your foot off of the floor, pul…",https://cdn.jsdelivr.net/gh/yuhonas/free-exercise-db@main/exercises/IT_Band_and_Glute_Stretch/0.jpg,https://cdn.jsdelivr.net/gh/yuhonas/free-exercise-db@main/exercises/IT_Band_and_Glute_Stretch/1.jpg
Iliotibial Tract-SMR,Abductors,Foam roll,"Lay on your side, with the bottom leg placed onto a foam roller between the hip and the knee. The other leg can be crossed in front of you. Place as much of your weight as is tolerable onto your bottom leg; there is no need to keep your …",https://cdn.jsdelivr.net/gh/yuhonas/free-exercise-db@main/exercises/Iliotibial_Tract-SMR/0.jpg,https://cdn.jsdelivr.net/gh/yuhonas/free-exercise-db@main/exercises/Iliotibial_Tract-SMR/1.jpg
Inchworm,Hamstrings,Bodyweight,"Stand with your feet close together. Keeping your legs straight, stretch down and put your hands on the floor directly in front of you. This will be your starting position. Begin by walking your hands forward slowly, alternating your lef…",https://cdn.jsdelivr.net/gh/yuhonas/free-exercise-db@main/exercises/Inchworm/0.jpg,https://cdn.jsdelivr.net/gh/yuhonas/free-exercise-db@main/exercises/Inchworm/1.jpg
Incline Dumbbell Bench With Palms Facing In,Chest,Dumbbell,"Lie back on an incline bench with a dumbbell on each hand on top of your thighs. The palms of your hand will be facing each other. By using your thighs to help you get the dumbbells up, clean the dumbbells one arm at a time so that you c…",https://cdn.jsdelivr.net/gh/yuhonas/free-exercise-db@main/exercises/Incline_Dumbbell_Bench_With_Palms_Facing_In/0.jpg,https://cdn.jsdelivr.net/gh/yuhonas/free-exercise-db@main/exercises/Incline_Dumbbell_Bench_With_Palms_Facing_In/1.jpg
Incline Dumbbell Curl,Biceps,Dumbbell,Sit back on an incline bench with a dumbbell in each hand held at arms length. Keep your elbows close to your torso and rotate the palms of your hands until they are facing forward. This will be your starting position. While holding the …,https://cdn.jsdelivr.net/gh/yuhonas/free-exercise-db@main/exercises/Incline_Dumbbell_Curl/0.jpg,https://cdn.jsdelivr.net/gh/yuhonas/free-exercise-db@main/exercises/Incline_Dumbbell_Curl/1.jpg
Incline Dumbbell Flyes,Chest,Dumbbell,Hold a dumbbell on each hand and lie on an incline bench that is set to an incline angle of no more than 30 degrees. Extend your arms above you with a slight bend at the elbows. Now rotate the wrists so that the palms of your hands are f…,https://cdn.jsdelivr.net/gh/yuhonas/free-exercise-db@main/exercises/Incline_Dumbbell_Flyes/0.jpg,https://cdn.jsdelivr.net/gh/yuhonas/free-exercise-db@main/exercises/Incline_Dumbbell_Flyes/1.jpg
Incline Dumbbell Flyes - With A Twist,Chest,Dumbbell,Hold a dumbbell in each hand and lie on an incline bench that is set to an incline angle of no more than 30 degrees. Extend your arms above you with a slight bend at the elbows. Now rotate the wrists so that the palms of your hands are f…,https://cdn.jsdelivr.net/gh/yuhonas/free-exercise-db@main/exercises/Incline_Dumbbell_Flyes_-_With_A_Twist/0.jpg,https://cdn.jsdelivr.net/gh/yuhonas/free-exercise-db@main/exercises/Incline_Dumbbell_Flyes_-_With_A_Twist/1.jpg
Incline Dumbbell Press,Chest,Dumbbell,"Lie back on an incline bench with a dumbbell in each hand atop your thighs. The palms of your hands will be facing each other. Then, using your thighs to help push the dumbbells up, lift the dumbbells one at a time so that you can hold t…",https://cdn.jsdelivr.net/gh/yuhonas/free-exercise-db@main/exercises/Incline_Dumbbell_Press/0.jpg,https://cdn.jsdelivr.net/gh/yuhonas/free-exercise-db@main/exercises/Incline_Dumbbell_Press/1.jpg
Incline Hammer Curls,Biceps,Dumbbell,"Seat yourself on an incline bench with a dumbbell in each hand. You should pressed firmly against he back with your feet together. Allow the dumbbells to hang straight down at your side, holding them with a neutral grip. This will be you…",https://cdn.jsdelivr.net/gh/yuhonas/free-exercise-db@main/exercises/Incline_Hammer_Curls/0.jpg,https://cdn.jsdelivr.net/gh/yuhonas/free-exercise-db@main/exercises/Incline_Hammer_Curls/1.jpg
Incline Inner Biceps Curl,Biceps,Dumbbell,Hold a dumbbell in each hand and lie back on an incline bench. The dumbbells should be at arm's length hanging at your sides and your palms should be facing out. This will be your starting position. Now as you exhale curl the weight outw…,https://cdn.jsdelivr.net/gh/yuhonas/free-exercise-db@main/exercises/Incline_Inner_Biceps_Curl/0.jpg,https://cdn.jsdelivr.net/gh/yuhonas/free-exercise-db@main/exercises/Incline_Inner_Biceps_Curl/1.jpg
Incline Push-Up,Chest,Bodyweight,"Stand facing bench or sturdy elevated platform. Place hands on edge of bench or platform, slightly wider than shoulder width. Position forefoot back from bench or platform with arms and body straight. Arms should be perpendicular to body…",https://cdn.jsdelivr.net/gh/yuhonas/free-exercise-db@main/exercises/Incline_Push-Up/0.jpg,https://cdn.jsdelivr.net/gh/yuhonas/free-exercise-db@main/exercises/Incline_Push-Up/1.jpg
Incline Push-Up Close-Grip,Triceps,Bodyweight,Stand facing a Smith machine bar or sturdy elevated platform at an appropriate height. Place your hands next to one another on the bar. Position your feet back from the bar with arms and body straight. This will be your starting position…,https://cdn.jsdelivr.net/gh/yuhonas/free-exercise-db@main/exercises/Incline_Push-Up_Close-Grip/0.jpg,https://cdn.jsdelivr.net/gh/yuhonas/free-exercise-db@main/exercises/Incline_Push-Up_Close-Grip/1.jpg
Incline Push-Up Depth Jump,Chest,Other,"For this drill you will need a box about 12 inches high, and two thick mats or aerobics steps. Place the steps just outside of your shoulders, and place your feet on top of the box so that you are in an incline pushup position, your hand…",https://cdn.jsdelivr.net/gh/yuhonas/free-exercise-db@main/exercises/Incline_Push-Up_Depth_Jump/0.jpg,https://cdn.jsdelivr.net/gh/yuhonas/free-exercise-db@main/exercises/Incline_Push-Up_Depth_Jump/1.jpg
Incline Push-Up Medium,Chest,Bodyweight,"Stand facing a Smith machine bar or sturdy elevated platform at an appropriate height. Place your hands on the bar, with your hands about shoulder width apart. Position your feet back from the bar with arms and body straight. This will b…",https://cdn.jsdelivr.net/gh/yuhonas/free-exercise-db@main/exercises/Incline_Push-Up_Medium/0.jpg,https://cdn.jsdelivr.net/gh/yuhonas/free-exercise-db@main/exercises/Incline_Push-Up_Medium/1.jpg
Incline Push-Up Reverse Grip,Chest,Bodyweight,"Stand facing a Smith machine bar or sturdy elevated platform at an appropriate height. Place your hands on the bar palms up, with your hands about shoulder width apart. Position your feet back from the bar with arms and body straight. Th…",https://cdn.jsdelivr.net/gh/yuhonas/free-exercise-db@main/exercises/Incline_Push-Up_Reverse_Grip/0.jpg,https://cdn.jsdelivr.net/gh/yuhonas/free-exercise-db@main/exercises/Incline_Push-Up_Reverse_Grip/1.jpg
Incline Push-Up Wide,Chest,Bodyweight,"Stand facing a Smith machine bar or sturdy elevated platform at an appropriate height. Place your hands on the bar, with your hands wider than shoulder width. Position your feet back from the bar with arms and body straight. Your arms sh…",https://cdn.jsdelivr.net/gh/yuhonas/free-exercise-db@main/exercises/Incline_Push-Up_Wide/0.jpg,https://cdn.jsdelivr.net/gh/yuhonas/free-exercise-db@main/exercises/Incline_Push-Up_Wide/1.jpg
Intermediate Groin Stretch,Hamstrings,Other,"Lie on your back with your legs extended. Loop a belt, rope, or band around one of your feet, and swing that leg as far to the side as you can. This will be your starting position. Pull gently on the belt to create tension in your groin …",https://cdn.jsdelivr.net/gh/yuhonas/free-exercise-db@main/exercises/Intermediate_Groin_Stretch/0.jpg,https://cdn.jsdelivr.net/gh/yuhonas/free-exercise-db@main/exercises/Intermediate_Groin_Stretch/1.jpg
Intermediate Hip Flexor and Quad Stretch,Quadriceps,Other,"Lie face down on the floor, with a rope, belt, or band looped around one foot. Flex the knee and extend the hip of the leg to be stretched, using both hands to pull on the belt. Your knee and your hip should come off of the floor, creati…",https://cdn.jsdelivr.net/gh/yuhonas/free-exercise-db@main/exercises/Intermediate_Hip_Flexor_and_Quad_Stretch/0.jpg,https://cdn.jsdelivr.net/gh/yuhonas/free-exercise-db@main/exercises/Intermediate_Hip_Flexor_and_Quad_Stretch/1.jpg
Internal Rotation with Band,Shoulders,Bands,"Choke the band around a post. The band should be at the same height as your elbow. Stand with your right side to the band a couple of feet away. Grasp the end of the band with your right hand, and keep your elbow pressed firmly to your s…",https://cdn.jsdelivr.net/gh/yuhonas/free-exercise-db@main/exercises/Internal_Rotation_with_Band/0.jpg,https://cdn.jsdelivr.net/gh/yuhonas/free-exercise-db@main/exercises/Internal_Rotation_with_Band/1.jpg
Inverted Row,Middle back,None,Position a bar in a rack to about waist height. You can also use a smith machine. Take a wider than shoulder width grip on the bar and position yourself hanging underneath the bar. Your body should be straight with your heels on the grou…,https://cdn.jsdelivr.net/gh/yuhonas/free-exercise-db@main/exercises/Inverted_Row/0.jpg,https://cdn.jsdelivr.net/gh/yuhonas/free-exercise-db@main/exercises/Inverted_Row/1.jpg
Inverted Row with Straps,Middle back,Other,Hang a rope or suspension straps from a rack or other stable object. Grasp the ends and position yourself in a supine position hanging from the ropes. Your body should be straight with your heels on the ground with your arms fully extend…,https://cdn.jsdelivr.net/gh/yuhonas/free-exercise-db@main/exercises/Inverted_Row_with_Straps/0.jpg,https://cdn.jsdelivr.net/gh/yuhonas/free-exercise-db@main/exercises/Inverted_Row_with_Straps/1.jpg
Iron Cross,Shoulders,Dumbbell,,https://cdn.jsdelivr.net/gh/yuhonas/free-exercise-db@main/exercises/Iron_Cross/0.jpg,https://cdn.jsdelivr.net/gh/yuhonas/free-exercise-db@main/exercises/Iron_Cross/1.jpg
Iron Crosses (stretch),Quadriceps,None,"Lie face down on the floor, with your arms extended out to your side, palms pressed to the floor. This will be your starting position. To begin, flex one knee and bring that leg across the back of your body, attempting to touch it to the…",https://cdn.jsdelivr.net/gh/yuhonas/free-exercise-db@main/exercises/Iron_Crosses_stretch/0.jpg,https://cdn.jsdelivr.net/gh/yuhonas/free-exercise-db@main/exercises/Iron_Crosses_stretch/1.jpg
Isometric Chest Squeezes,Chest,Bodyweight,"While either seating or standing, bend your arms at a 90-degree angle and place the palms of your hands together in front of your chest. Tip: Your hands should be open with the palms together and fingers facing forward (perpendicular to …",https://cdn.jsdelivr.net/gh/yuhonas/free-exercise-db@main/exercises/Isometric_Chest_Squeezes/0.jpg,https://cdn.jsdelivr.net/gh/yuhonas/free-exercise-db@main/exercises/Isometric_Chest_Squeezes/1.jpg
Isometric Neck Exercise - Front And Back,Neck,Bodyweight,"With your head and neck in a neutral position (normal position with head erect facing forward), place both of your hands on the front side of your head. Now gently push forward as you contract the neck muscles but resisting any movement …",https://cdn.jsdelivr.net/gh/yuhonas/free-exercise-db@main/exercises/Isometric_Neck_Exercise_-_Front_And_Back/0.jpg,https://cdn.jsdelivr.net/gh/yuhonas/free-exercise-db@main/exercises/Isometric_Neck_Exercise_-_Front_And_Back/1.jpg
Isometric Neck Exercise - Sides,Neck,Bodyweight,"With your head and neck in a neutral position (normal position with head erect facing forward), place your left hand on the left side of your head. Now gently push towards the left as you contract the left neck muscles but resisting any …",https://cdn.jsdelivr.net/gh/yuhonas/free-exercise-db@main/exercises/Isometric_Neck_Exercise_-_Sides/0.jpg,https://cdn.jsdelivr.net/gh/yuhonas/free-exercise-db@main/exercises/Isometric_Neck_Exercise_-_Sides/1.jpg
Isometric Wipers,Chest,Bodyweight,"Assume a push-up position, supporting your weight on your hands and toes while keeping your body straight. Your hands should be just outside of shoulder width. This will be your starting position. Begin by shifting your body weight as fa…",https://cdn.jsdelivr.net/gh/yuhonas/free-exercise-db@main/exercises/Isometric_Wipers/0.jpg,https://cdn.jsdelivr.net/gh/yuhonas/free-exercise-db@main/exercises/Isometric_Wipers/1.jpg
Jackknife Sit-Up,Abdominals,Bodyweight,"Lie flat on the floor (or exercise mat) on your back with your arms extended straight back behind your head and your legs extended also. This will be your starting position. As you exhale, bend at the waist while simultaneously raising y…",https://cdn.jsdelivr.net/gh/yuhonas/free-exercise-db@main/exercises/Jackknife_Sit-Up/0.jpg,https://cdn.jsdelivr.net/gh/yuhonas/free-exercise-db@main/exercises/Jackknife_Sit-Up/1.jpg
Janda Sit-Up,Abdominals,Bodyweight,Position your body on the floor in the basic sit-up position; knees to a ninety degree angle with feet flat on the floor and arms either crossed over your chest or to the sides. This will be your starting position. As you strongly tighte…,https://cdn.jsdelivr.net/gh/yuhonas/free-exercise-db@main/exercises/Janda_Sit-Up/0.jpg,https://cdn.jsdelivr.net/gh/yuhonas/free-exercise-db@main/exercises/Janda_Sit-Up/1.jpg
Kettlebell Arnold Press,Shoulders,Kettlebells,"Clean a kettlebell to your shoulder. Clean the kettlebell to your shoulder by extending through the legs and hips as you raise the kettlebell towards your shoulder. The palm should be facing inward. Looking straight ahead, press the kett…",https://cdn.jsdelivr.net/gh/yuhonas/free-exercise-db@main/exercises/Kettlebell_Arnold_Press/0.jpg,https://cdn.jsdelivr.net/gh/yuhonas/free-exercise-db@main/exercises/Kettlebell_Arnold_Press/1.jpg
Kettlebell Dead Clean,Hamstrings,Kettlebells,"Place kettlebell between your feet. To get in the starting position, push your butt back and look straight ahead. Clean the kettlebell to your shoulder. Clean the kettlebell to your shoulders by extending through the legs and hips as you…",https://cdn.jsdelivr.net/gh/yuhonas/free-exercise-db@main/exercises/Kettlebell_Dead_Clean/0.jpg,https://cdn.jsdelivr.net/gh/yuhonas/free-exercise-db@main/exercises/Kettlebell_Dead_Clean/1.jpg
Kettlebell Figure 8,Abdominals,Kettlebells,Place one kettlebell between your legs and take a wider than shoulder width stance. Bend over by pushing your butt out and keeping your back flat. Pick up a kettlebell and pass it to your other hand between your legs. The receiving hand …,https://cdn.jsdelivr.net/gh/yuhonas/free-exercise-db@main/exercises/Kettlebell_Figure_8/0.jpg,https://cdn.jsdelivr.net/gh/yuhonas/free-exercise-db@main/exercises/Kettlebell_Figure_8/1.jpg
Kettlebell Hang Clean,Hamstrings,Kettlebells,"Place kettlebell between your feet. To get in the starting position, push your butt back and look straight ahead. Clean kettlebell to your shoulder. Clean the kettlebell to your shoulders by extending through the legs and hips as you rai…",https://cdn.jsdelivr.net/gh/yuhonas/free-exercise-db@main/exercises/Kettlebell_Hang_Clean/0.jpg,https://cdn.jsdelivr.net/gh/yuhonas/free-exercise-db@main/exercises/Kettlebell_Hang_Clean/1.jpg
Kettlebell One-Legged Deadlift,Hamstrings,Kettlebells,"Hold a kettlebell by the handle in one hand. Stand on one leg, on the same side that you hold the kettlebell. Keeping that knee slightly bent, perform a stiff legged deadlift by bending at the hip, extending your free leg behind you for …",https://cdn.jsdelivr.net/gh/yuhonas/free-exercise-db@main/exercises/Kettlebell_One-Legged_Deadlift/0.jpg,https://cdn.jsdelivr.net/gh/yuhonas/free-exercise-db@main/exercises/Kettlebell_One-Legged_Deadlift/1.jpg
Kettlebell Pass Between The Legs,Abdominals,Kettlebells,"Place one kettlebell between your legs and take a comfortable stance. Bend over by pushing your butt out and keeping your back flat. Pick up a kettlebell and pass it to your other hand between your legs, in the fashion of a ""W"". Go back …",https://cdn.jsdelivr.net/gh/yuhonas/free-exercise-db@main/exercises/Kettlebell_Pass_Between_The_Legs/0.jpg,https://cdn.jsdelivr.net/gh/yuhonas/free-exercise-db@main/exercises/Kettlebell_Pass_Between_The_Legs/1.jpg
Kettlebell Pirate Ships,Shoulders,Kettlebells,"With a wide stance, hold a kettlebell with both hands. Allow it to hang at waist level with your arms extended. This will be your starting position. Initiate the movement by turning to one side, swinging the kettlebell to head height. Br…",https://cdn.jsdelivr.net/gh/yuhonas/free-exercise-db@main/exercises/Kettlebell_Pirate_Ships/0.jpg,https://cdn.jsdelivr.net/gh/yuhonas/free-exercise-db@main/exercises/Kettlebell_Pirate_Ships/1.jpg
Kettlebell Seated Press,Shoulders,Kettlebells,Sit on the floor and spread your legs out comfortably. Clean one kettlebell to your shoulder. Press the kettlebell up and out until it is locked out overhead. Return to the starting position.,https://cdn.jsdelivr.net/gh/yuhonas/free-exercise-db@main/exercises/Kettlebell_Seated_Press/0.jpg,https://cdn.jsdelivr.net/gh/yuhonas/free-exercise-db@main/exercises/Kettlebell_Seated_Press/1.jpg
Kettlebell Seesaw Press,Shoulders,Kettlebells,Clean two kettlebells two your shoulders. Press one kettlebell. Lower the kettlebell and immediately press the other kettlebell. Make sure to do the same amount of reps on both sides.,https://cdn.jsdelivr.net/gh/yuhonas/free-exercise-db@main/exercises/Kettlebell_Seesaw_Press/0.jpg,https://cdn.jsdelivr.net/gh/yuhonas/free-exercise-db@main/exercises/Kettlebell_Seesaw_Press/1.jpg
Kettlebell Sumo High Pull,Traps,Kettlebells,"Place a kettlebell on the ground between your feet. Position your feet in a wide stance, and grasp the kettlebell with two hands. Set your hips back as far as possible, with your knees bent. Keep your chest and head up. This will be your…",https://cdn.jsdelivr.net/gh/yuhonas/free-exercise-db@main/exercises/Kettlebell_Sumo_High_Pull/0.jpg,https://cdn.jsdelivr.net/gh/yuhonas/free-exercise-db@main/exercises/Kettlebell_Sumo_High_Pull/1.jpg
Kettlebell Thruster,Shoulders,Kettlebells,Clean two kettlebells to your shoulders. Clean the kettlebells to your shoulders by extending through the legs and hips as you pull the kettlebells towards your shoulders. Rotate your wrists as you do so. This will be your starting posit…,https://cdn.jsdelivr.net/gh/yuhonas/free-exercise-db@main/exercises/Kettlebell_Thruster/0.jpg,https://cdn.jsdelivr.net/gh/yuhonas/free-exercise-db@main/exercises/Kettlebell_Thruster/1.jpg
Kettlebell Turkish Get-Up (Lunge style),Shoulders,Kettlebells,"Lie on your back on the floor and press a kettlebell to the top position by extending the elbow. Bend the knee on the same side as the kettlebell. Keeping the kettlebell locked out at all times, pivot to the opposite side and use your no…",https://cdn.jsdelivr.net/gh/yuhonas/free-exercise-db@main/exercises/Kettlebell_Turkish_Get-Up_Lunge_style/0.jpg,https://cdn.jsdelivr.net/gh/yuhonas/free-exercise-db@main/exercises/Kettlebell_Turkish_Get-Up_Lunge_style/1.jpg
Kettlebell Turkish Get-Up (Squat style),Shoulders,Kettlebells,"Lie on your back on the floor and press a kettlebell to the top position by extending the elbow. Bend the knee on the same side as the kettlebell. Keeping the kettlebell locked out at all times, pivot to the opposite side and use your no…",https://cdn.jsdelivr.net/gh/yuhonas/free-exercise-db@main/exercises/Kettlebell_Turkish_Get-Up_Squat_style/0.jpg,https://cdn.jsdelivr.net/gh/yuhonas/free-exercise-db@main/exercises/Kettlebell_Turkish_Get-Up_Squat_style/1.jpg
Kettlebell Windmill,Abdominals,Kettlebells,Place a kettlebell in front of your lead foot and clean and press it overhead with your opposite arm. Clean the kettlebell to your shoulder by extending through the legs and hips as you pull the kettlebell towards your shoulders. Rotate …,https://cdn.jsdelivr.net/gh/yuhonas/free-exercise-db@main/exercises/Kettlebell_Windmill/0.jpg,https://cdn.jsdelivr.net/gh/yuhonas/free-exercise-db@main/exercises/Kettlebell_Windmill/1.jpg
Kipping Muscle Up,Lats,Other,"Grip the rings using a false grip, with the base of your palms on top of the rings. Begin with a movement swinging your legs backward slightly. Counter that movement by swinging your legs forward and up, jerking your chin and chest back,…",https://cdn.jsdelivr.net/gh/yuhonas/free-exercise-db@main/exercises/Kipping_Muscle_Up/0.jpg,https://cdn.jsdelivr.net/gh/yuhonas/free-exercise-db@main/exercises/Kipping_Muscle_Up/1.jpg
Knee Across The Body,Glutes,None,"Lie down on the floor with your right leg straight. Bend your left leg and lower it across your body, holding the knee down toward the floor with your right hand. (The knee doesn't need to touch the floor if you're tight.) Place your lef…",https://cdn.jsdelivr.net/gh/yuhonas/free-exercise-db@main/exercises/Knee_Across_The_Body/0.jpg,https://cdn.jsdelivr.net/gh/yuhonas/free-exercise-db@main/exercises/Knee_Across_The_Body/1.jpg
Knee Circles,Calves,Bodyweight,Stand with your legs together and hands by your waist. Now move your knees in a circular motion as you breathe normally. Repeat for the recommended amount of repetitions.,https://cdn.jsdelivr.net/gh/yuhonas/free-exercise-db@main/exercises/Knee_Circles/0.jpg,https://cdn.jsdelivr.net/gh/yuhonas/free-exercise-db@main/exercises/Knee_Circles/1.jpg
Knee/Hip Raise On Parallel Bars,Abdominals,Other,Position your body on the vertical leg raise bench so that your forearms are resting on the pads next to the torso and holding on to the handles. Your arms will be bent at a 90 degree angle. The torso should be straight with the lower ba…,https://cdn.jsdelivr.net/gh/yuhonas/free-exercise-db@main/exercises/Knee_Hip_Raise_On_Parallel_Bars/0.jpg,https://cdn.jsdelivr.net/gh/yuhonas/free-exercise-db@main/exercises/Knee_Hip_Raise_On_Parallel_Bars/1.jpg
Knee Tuck Jump,Hamstrings,Bodyweight,"Begin in a comfortable standing position with your knees slightly bent. Hold your hands in front of you, palms down with your fingertips together at chest height. This will be your starting position. Rapidly dip down into a quarter squat…",https://cdn.jsdelivr.net/gh/yuhonas/free-exercise-db@main/exercises/Knee_Tuck_Jump/0.jpg,https://cdn.jsdelivr.net/gh/yuhonas/free-exercise-db@main/exercises/Knee_Tuck_Jump/1.jpg
Kneeling Arm Drill,Shoulders,None,"This drill helps increase arm efficiency during the run. Begin kneeling, left foot in front, right knee down. Apply pressure through the front heel to keep your glutes and hamstrings activated. Begin by blocking the arms in long, pendulu…",https://cdn.jsdelivr.net/gh/yuhonas/free-exercise-db@main/exercises/Kneeling_Arm_Drill/0.jpg,https://cdn.jsdelivr.net/gh/yuhonas/free-exercise-db@main/exercises/Kneeling_Arm_Drill/1.jpg
Kneeling Forearm Stretch,Forearms,None,Start by kneeling on a mat with your palms flat and your fingers pointing back toward your knees. Slowly lean back keeping your palms flat on the floor until you feel a stretch in your wrists and forearms. Hold for 20-30 seconds.,https://cdn.jsdelivr.net/gh/yuhonas/free-exercise-db@main/exercises/Kneeling_Forearm_Stretch/0.jpg,https://cdn.jsdelivr.net/gh/yuhonas/free-exercise-db@main/exercises/Kneeling_Forearm_Stretch/1.jpg
Kneeling Hip Flexor,Quadriceps,None,Kneel on a mat and bring your right knee up so the bottom of your foot is on the floor and extend your left leg out behind you so the top of your foot is on the floor. Shift your weight forward until you feel a stretch in your hip. Hold …,https://cdn.jsdelivr.net/gh/yuhonas/free-exercise-db@main/exercises/Kneeling_Hip_Flexor/0.jpg,https://cdn.jsdelivr.net/gh/yuhonas/free-exercise-db@main/exercises/Kneeling_Hip_Flexor/1.jpg
Lateral Bound,Adductors,Bodyweight,Assume a half squat position facing 90 degrees from your direction of travel. This will be your starting position. Allow your lead leg to do a countermovement inward as you shift your weight to the outside leg. Immediately push off and e…,https://cdn.jsdelivr.net/gh/yuhonas/free-exercise-db@main/exercises/Lateral_Bound/0.jpg,https://cdn.jsdelivr.net/gh/yuhonas/free-exercise-db@main/exercises/Lateral_Bound/1.jpg
Lateral Box Jump,Adductors,Other,"Assume a comfortable standing position, with a short box positioned next to you. This will be your starting position. Quickly dip into a quarter squat to initiate the stretch reflex, and immediately reverse direction to jump up and to th…",https://cdn.jsdelivr.net/gh/yuhonas/free-exercise-db@main/exercises/Lateral_Box_Jump/0.jpg,https://cdn.jsdelivr.net/gh/yuhonas/free-exercise-db@main/exercises/Lateral_Box_Jump/1.jpg
Lateral Cone Hops,Adductors,Other,"Position a number of cones in a row several feet apart. Stand next to the end of the cones, facing 90 degrees to the direction of travel. This will be your starting position. Begin the jump by dipping with the knees to initiate a stretch…",https://cdn.jsdelivr.net/gh/yuhonas/free-exercise-db@main/exercises/Lateral_Cone_Hops/0.jpg,https://cdn.jsdelivr.net/gh/yuhonas/free-exercise-db@main/exercises/Lateral_Cone_Hops/1.jpg
Lateral Raise - With Bands,Shoulders,Bands,"To begin, stand on an exercise band so that tension begins at arm's length. Grasp the handles using a pronated (palms facing your thighs) grip that is slightly less than shoulder width. The handles should be resting on the sides of your …",https://cdn.jsdelivr.net/gh/yuhonas/free-exercise-db@main/exercises/Lateral_Raise_-_With_Bands/0.jpg,https://cdn.jsdelivr.net/gh/yuhonas/free-exercise-db@main/exercises/Lateral_Raise_-_With_Bands/1.jpg
Latissimus Dorsi-SMR,Lats,Foam roll,"While lying on the floor, place a foam roll under your back and to one side, just behind your arm pit. This will be your starting position. Keep the arm of the side being stretched behind and to the side of you as you shift your weight o…",https://cdn.jsdelivr.net/gh/yuhonas/free-exercise-db@main/exercises/Latissimus_Dorsi-SMR/0.jpg,https://cdn.jsdelivr.net/gh/yuhonas/free-exercise-db@main/exercises/Latissimus_Dorsi-SMR/1.jpg
Leg-Over Floor Press,Chest,Kettlebells,"Lie on the floor with one kettlebell in place on your chest, holding it by the handle. Extend leg on working side over leg on non-working side.Your free arm can be extended out to your side for support. Press the kettlebll into a locked …",https://cdn.jsdelivr.net/gh/yuhonas/free-exercise-db@main/exercises/Leg-Over_Floor_Press/0.jpg,https://cdn.jsdelivr.net/gh/yuhonas/free-exercise-db@main/exercises/Leg-Over_Floor_Press/1.jpg
Leg-Up Hamstring Stretch,Hamstrings,None,"Lie flat on your back, bend one knee, and put that foot flat on the floor to stabilize your spine. Extend the other leg in the air. If you're tight, you wont be able to straighten it. That's okay. Extend the knee so that the sole of the …",https://cdn.jsdelivr.net/gh/yuhonas/free-exercise-db@main/exercises/Leg-Up_Hamstring_Stretch/0.jpg,https://cdn.jsdelivr.net/gh/yuhonas/free-exercise-db@main/exercises/Leg-Up_Hamstring_Stretch/1.jpg
Leg Lift,Glutes,Bodyweight,"While standing up straight with both feet next to each other at around shoulder width, grab a sturdy surface such as the sides of a squat rack or the top of a chair to brace yourself and keep balance. With or without an ankle weight, lif…",https://cdn.jsdelivr.net/gh/yuhonas/free-exercise-db@main/exercises/Leg_Lift/0.jpg,https://cdn.jsdelivr.net/gh/yuhonas/free-exercise-db@main/exercises/Leg_Lift/1.jpg
Leg Pull-In,Abdominals,Bodyweight,Lie on an exercise mat with your legs extended and your hands either palms facing down next to you or under your glutes. Tip: My preference is with the hands next to me. This will be your starting position. Bend your knees and pull your …,https://cdn.jsdelivr.net/gh/yuhonas/free-exercise-db@main/exercises/Leg_Pull-In/0.jpg,https://cdn.jsdelivr.net/gh/yuhonas/free-exercise-db@main/exercises/Leg_Pull-In/1.jpg
Linear 3-Part Start Technique,Hamstrings,None,This drill helps you accelerate as quickly as possible into a sprint from a dead stop. It helps to use a line to start from. Begin with two feet on the line. Place your left foot with the toe next to your right ankle. Place your right fo…,https://cdn.jsdelivr.net/gh/yuhonas/free-exercise-db@main/exercises/Linear_3-Part_Start_Technique/0.jpg,https://cdn.jsdelivr.net/gh/yuhonas/free-exercise-db@main/exercises/Linear_3-Part_Start_Technique/1.jpg
Linear Acceleration Wall Drill,Hamstrings,None,"Lean at around 45 degrees against a wall. Your feet should be together, glutes contracted. Begin by lifting your right knee quickly, pausing, and then driving it straight down into the ground. Switch legs, raising the opposite knee, and …",https://cdn.jsdelivr.net/gh/yuhonas/free-exercise-db@main/exercises/Linear_Acceleration_Wall_Drill/0.jpg,https://cdn.jsdelivr.net/gh/yuhonas/free-exercise-db@main/exercises/Linear_Acceleration_Wall_Drill/1.jpg
Linear Depth Jump,Quadriceps,Other,"You will need two boxes or benches spaced a few feet away from each other. Begin by standing on one box facing towards the other platform. To initiate the movement, gently drop down to the ground between your platforms, allowing the knee…",https://cdn.jsdelivr.net/gh/yuhonas/free-exercise-db@main/exercises/Linear_Depth_Jump/0.jpg,https://cdn.jsdelivr.net/gh/yuhonas/free-exercise-db@main/exercises/Linear_Depth_Jump/1.jpg
London Bridges,Lats,Other,"Attach a climbing rope to a high beam or cross member. Below it, ensure that the smith machine bar is locked in place with the safeties and cannot move. Alternatively, a secure box could also be utilized. Stand on the bar, using the rope…",https://cdn.jsdelivr.net/gh/yuhonas/free-exercise-db@main/exercises/London_Bridges/0.jpg,https://cdn.jsdelivr.net/gh/yuhonas/free-exercise-db@main/exercises/London_Bridges/1.jpg
Looking At Ceiling,Quadriceps,None,"Kneel on the floor, holding your heels with both hands. Lift your buttocks up and forward while bringing your head back to look up at the ceiling, to give an arch in your back.",https://cdn.jsdelivr.net/gh/yuhonas/free-exercise-db@main/exercises/Looking_At_Ceiling/0.jpg,https://cdn.jsdelivr.net/gh/yuhonas/free-exercise-db@main/exercises/Looking_At_Ceiling/1.jpg
Lower Back-SMR,Lower back,Foam roll,"In a seated position, place a foam roll under your lower back. Cross your arms in front of you and protract your shoulders. This will be your starting position. Raise your hips off of the floor and lean back, keeping your weight on your …",https://cdn.jsdelivr.net/gh/yuhonas/free-exercise-db@main/exercises/Lower_Back-SMR/0.jpg,https://cdn.jsdelivr.net/gh/yuhonas/free-exercise-db@main/exercises/Lower_Back-SMR/1.jpg
Lower Back Curl,Abdominals,Bodyweight,"Lie on your stomach with your arms out to your sides. This will be your starting position. Using your lower back muscles, extend your spine lifting your chest off of the ground. Do not use your arms to push yourself up. Keep your head up…",https://cdn.jsdelivr.net/gh/yuhonas/free-exercise-db@main/exercises/Lower_Back_Curl/0.jpg,https://cdn.jsdelivr.net/gh/yuhonas/free-exercise-db@main/exercises/Lower_Back_Curl/1.jpg
Lunge Pass Through,Hamstrings,Kettlebells,"Stand with your torso upright holding a kettlebell in your right hand. This will be your starting position. Step forward with your left foot and lower your upper body down by flexing the hip and the knee, keeping the torso upright. Lower…",https://cdn.jsdelivr.net/gh/yuhonas/free-exercise-db@main/exercises/Lunge_Pass_Through/0.jpg,https://cdn.jsdelivr.net/gh/yuhonas/free-exercise-db@main/exercises/Lunge_Pass_Through/1.jpg
Lying Dumbbell Tricep Extension,Triceps,Dumbbell,Lie on a flat bench while holding two dumbbells directly in front of you. Your arms should be fully extended at a 90-degree angle from your torso and the floor. The palms should be facing in and the elbows should be tucked in. This is th…,https://cdn.jsdelivr.net/gh/yuhonas/free-exercise-db@main/exercises/Lying_Dumbbell_Tricep_Extension/0.jpg,https://cdn.jsdelivr.net/gh/yuhonas/free-exercise-db@main/exercises/Lying_Dumbbell_Tricep_Extension/1.jpg
Lying Face Down Plate Neck Resistance,Neck,Other,Lie face down with your whole body straight on a flat bench while holding a weight plate behind your head. Tip: You will need to position yourself so that your shoulders are slightly above the end of a flat bench in order for the upper c…,https://cdn.jsdelivr.net/gh/yuhonas/free-exercise-db@main/exercises/Lying_Face_Down_Plate_Neck_Resistance/0.jpg,https://cdn.jsdelivr.net/gh/yuhonas/free-exercise-db@main/exercises/Lying_Face_Down_Plate_Neck_Resistance/1.jpg
Lying Face Up Plate Neck Resistance,Neck,Other,Lie face up with your whole body straight on a flat bench while holding a weight plate on top of your forehead. Tip: You will need to position yourself so that your shoulders are slightly above the end of a flat bench in order for the tr…,https://cdn.jsdelivr.net/gh/yuhonas/free-exercise-db@main/exercises/Lying_Face_Up_Plate_Neck_Resistance/0.jpg,https://cdn.jsdelivr.net/gh/yuhonas/free-exercise-db@main/exercises/Lying_Face_Up_Plate_Neck_Resistance/1.jpg
Lying One-Arm Lateral Raise,Shoulders,Dumbbell,"While holding a dumbbell in one hand, lay with your chest down on a flat bench. The other hand can be used to hold to the leg of the bench for stability. Position the palm of the hand that is holding the dumbbell in a neutral manner (pal…",https://cdn.jsdelivr.net/gh/yuhonas/free-exercise-db@main/exercises/Lying_One-Arm_Lateral_Raise/0.jpg,https://cdn.jsdelivr.net/gh/yuhonas/free-exercise-db@main/exercises/Lying_One-Arm_Lateral_Raise/1.jpg
Lying Rear Delt Raise,Shoulders,Dumbbell,"While holding a dumbbell in each hand, lay with your chest down on a flat bench. Position the palms of the hands in a neutral manner (palms facing your torso) as you keep the arms extended with the elbows slightly bent. This will be your…",https://cdn.jsdelivr.net/gh/yuhonas/free-exercise-db@main/exercises/Lying_Rear_Delt_Raise/0.jpg,https://cdn.jsdelivr.net/gh/yuhonas/free-exercise-db@main/exercises/Lying_Rear_Delt_Raise/1.jpg
Lying Supine Dumbbell Curl,Biceps,Dumbbell,Lie down on a flat bench face up while holding a dumbbell in each arm on top of your thighs. Bring the dumbbells to the sides with the arms extended and the palms of the hands facing your thighs (neutral grip). While keeping the arms clo…,https://cdn.jsdelivr.net/gh/yuhonas/free-exercise-db@main/exercises/Lying_Supine_Dumbbell_Curl/0.jpg,https://cdn.jsdelivr.net/gh/yuhonas/free-exercise-db@main/exercises/Lying_Supine_Dumbbell_Curl/1.jpg
Medicine Ball Chest Pass,Chest,Medicine ball,"You will need a partner for this exercise. Lacking one, this movement can be performed against a wall. Begin facing your partner holding the medicine ball at your torso with both hands. Pull the ball to your chest, and reverse the motion…",https://cdn.jsdelivr.net/gh/yuhonas/free-exercise-db@main/exercises/Medicine_Ball_Chest_Pass/0.jpg,https://cdn.jsdelivr.net/gh/yuhonas/free-exercise-db@main/exercises/Medicine_Ball_Chest_Pass/1.jpg
Medicine Ball Full Twist,Abdominals,Medicine ball,"For this exercise you will need a medicine ball and a partner. Stand back to back with your partner, spaced 2-3 feet apart. This will be your starting position. Hold the ball in front of the trunk. Open the hips and turn the shoulders at…",https://cdn.jsdelivr.net/gh/yuhonas/free-exercise-db@main/exercises/Medicine_Ball_Full_Twist/0.jpg,https://cdn.jsdelivr.net/gh/yuhonas/free-exercise-db@main/exercises/Medicine_Ball_Full_Twist/1.jpg
Medicine Ball Scoop Throw,Shoulders,Medicine ball,"Assume a semisquat stance with a medicine ball in your hands. Your arms should hang so the ball is near your feet. Begin by thrusting the hips forward as you extend through the legs, jumping up. As you do, swing your arms up and over you…",https://cdn.jsdelivr.net/gh/yuhonas/free-exercise-db@main/exercises/Medicine_Ball_Scoop_Throw/0.jpg,https://cdn.jsdelivr.net/gh/yuhonas/free-exercise-db@main/exercises/Medicine_Ball_Scoop_Throw/1.jpg
Middle Back Shrug,Middle back,Dumbbell,Lie facedown on an incline bench while holding a dumbbell in each hand. Your arms should be fully extended hanging down and pointing towards the floor. The palms of your hands should be facing each other. This will be your starting posit…,https://cdn.jsdelivr.net/gh/yuhonas/free-exercise-db@main/exercises/Middle_Back_Shrug/0.jpg,https://cdn.jsdelivr.net/gh/yuhonas/free-exercise-db@main/exercises/Middle_Back_Shrug/1.jpg
Middle Back Stretch,Middle back,None,"Stand so your feet are shoulder width apart and your hands are on your hips. Twist at your waist until you feel a stretch. Hold for 10 to 15 seconds, then twist to the other side.",https://cdn.jsdelivr.net/gh/yuhonas/free-exercise-db@main/exercises/Middle_Back_Stretch/0.jpg,https://cdn.jsdelivr.net/gh/yuhonas/free-exercise-db@main/exercises/Middle_Back_Stretch/1.jpg
Monster Walk,Abductors,Bands,"Place a band around both ankles and another around both knees. There should be enough tension that they are tight when your feet are shoulder width apart. To begin, take short steps forward alternating your left and right foot. After sev…",https://cdn.jsdelivr.net/gh/yuhonas/free-exercise-db@main/exercises/Monster_Walk/0.jpg,https://cdn.jsdelivr.net/gh/yuhonas/free-exercise-db@main/exercises/Monster_Walk/1.jpg
Mountain Climbers,Quadriceps,None,"Begin in a pushup position, with your weight supported by your hands and toes. Flexing the knee and hip, bring one leg until the knee is approximately under the hip. This will be your starting position. Explosively reverse the positions …",https://cdn.jsdelivr.net/gh/yuhonas/free-exercise-db@main/exercises/Mountain_Climbers/0.jpg,https://cdn.jsdelivr.net/gh/yuhonas/free-exercise-db@main/exercises/Mountain_Climbers/1.jpg
Moving Claw Series,Hamstrings,None,"This move helps prepare your running form to help you excel at sprinting. As you run, be sure to flex the knee, aiming to kick your glutes as the hip extends. Reload the quad as the leg moves back forward, attacking the ground on the nex…",https://cdn.jsdelivr.net/gh/yuhonas/free-exercise-db@main/exercises/Moving_Claw_Series/0.jpg,https://cdn.jsdelivr.net/gh/yuhonas/free-exercise-db@main/exercises/Moving_Claw_Series/1.jpg
Muscle Up,Lats,Other,"Grip the rings using a false grip, with the base of your palms on top of the rings. Initiate a pull up by pulling the elbows down to your side, flexing the elbows. As you reach the top position of the pull-up, pull the rings to your armp…",https://cdn.jsdelivr.net/gh/yuhonas/free-exercise-db@main/exercises/Muscle_Up/0.jpg,https://cdn.jsdelivr.net/gh/yuhonas/free-exercise-db@main/exercises/Muscle_Up/1.jpg
Natural Glute Ham Raise,Hamstrings,Bodyweight,"Using the leg pad of a lat pulldown machine or a preacher bench, position yourself so that your ankles are under the pads, knees on the seat, and you are facing away from the machine. You should be upright and maintaining good posture. T…",https://cdn.jsdelivr.net/gh/yuhonas/free-exercise-db@main/exercises/Natural_Glute_Ham_Raise/0.jpg,https://cdn.jsdelivr.net/gh/yuhonas/free-exercise-db@main/exercises/Natural_Glute_Ham_Raise/1.jpg
Neck-SMR,Neck,Other,"Using a muscle roller or a rolling pin, place the roller behind your head and against your neck. Make sure that you do not place the roller directly against the spine, but turned slightly so that the roller is pressed against the muscles…",https://cdn.jsdelivr.net/gh/yuhonas/free-exercise-db@main/exercises/Neck-SMR/0.jpg,https://cdn.jsdelivr.net/gh/yuhonas/free-exercise-db@main/exercises/Neck-SMR/1.jpg
Oblique Crunches,Abdominals,Bodyweight,"Lie flat on the floor with your lower back pressed to the ground. For this exercise, you will need to put one hand beside your head and the other to the side against the floor. Make sure your feet are elevated and resting on a flat surfa…",https://cdn.jsdelivr.net/gh/yuhonas/free-exercise-db@main/exercises/Oblique_Crunches/0.jpg,https://cdn.jsdelivr.net/gh/yuhonas/free-exercise-db@main/exercises/Oblique_Crunches/1.jpg
Oblique Crunches - On The Floor,Abdominals,Bodyweight,"Start out by lying on your right side with your legs lying on top of each other. Make sure your knees are bent a little bit. Place your left hand behind your head. Once you are in this set position, begin by moving your left elbow up as …",https://cdn.jsdelivr.net/gh/yuhonas/free-exercise-db@main/exercises/Oblique_Crunches_-_On_The_Floor/0.jpg,https://cdn.jsdelivr.net/gh/yuhonas/free-exercise-db@main/exercises/Oblique_Crunches_-_On_The_Floor/1.jpg
On-Your-Back Quad Stretch,Quadriceps,Other,"Lie on a flat bench or step, and hang one leg and arm over the side. Bend the knee and hold the top of the foot. As you do this, be careful not to arch your lower back. Pull the belly button to the spine to stay in neutral. Press your fo…",https://cdn.jsdelivr.net/gh/yuhonas/free-exercise-db@main/exercises/On-Your-Back_Quad_Stretch/0.jpg,https://cdn.jsdelivr.net/gh/yuhonas/free-exercise-db@main/exercises/On-Your-Back_Quad_Stretch/1.jpg
On Your Side Quad Stretch,Quadriceps,None,"Start off by lying on your right side, with your right knee bent at a 90-degree angle resting on the floor in front of you (this stabilizes the torso). Bend your left knee behind you and hold your left foot with your left hand. To stretc…",https://cdn.jsdelivr.net/gh/yuhonas/free-exercise-db@main/exercises/On_Your_Side_Quad_Stretch/0.jpg,https://cdn.jsdelivr.net/gh/yuhonas/free-exercise-db@main/exercises/On_Your_Side_Quad_Stretch/1.jpg
One-Arm Dumbbell Row,Middle back,Dumbbell,"Choose a flat bench and place a dumbbell on each side of it. Place the right leg on top of the end of the bench, bend your torso forward from the waist until your upper body is parallel to the floor, and place your right hand on the othe…",https://cdn.jsdelivr.net/gh/yuhonas/free-exercise-db@main/exercises/One-Arm_Dumbbell_Row/0.jpg,https://cdn.jsdelivr.net/gh/yuhonas/free-exercise-db@main/exercises/One-Arm_Dumbbell_Row/1.jpg
One-Arm Flat Bench Dumbbell Flye,Chest,Dumbbell,"Lie down on a flat bench with a dumbbell in one hand resting on top of your thigh. The palm of your hand with the dumbbell in it should be at a neutral grip. By using your thighs to help you get the dumbbell up, clean the dumbbell so tha…",https://cdn.jsdelivr.net/gh/yuhonas/free-exercise-db@main/exercises/One-Arm_Flat_Bench_Dumbbell_Flye/0.jpg,https://cdn.jsdelivr.net/gh/yuhonas/free-exercise-db@main/exercises/One-Arm_Flat_Bench_Dumbbell_Flye/1.jpg
One-Arm Incline Lateral Raise,Shoulders,Dumbbell,Lie down sideways on an incline bench press with a dumbbell in the hand. Make sure the shoulder is pressing against the incline bench and the arm is lying across your body with the palm around your navel. Hold a dumbbell in your uppermos…,https://cdn.jsdelivr.net/gh/yuhonas/free-exercise-db@main/exercises/One-Arm_Incline_Lateral_Raise/0.jpg,https://cdn.jsdelivr.net/gh/yuhonas/free-exercise-db@main/exercises/One-Arm_Incline_Lateral_Raise/1.jpg
One-Arm Kettlebell Clean,Hamstrings,Kettlebells,"Place a kettlebell between your feet. As you bend down to grab the kettlebell, push your butt back and keep your eyes looking forward. Clean the kettlebell to your shoulders by extending through the legs and hips as you raise the kettleb…",https://cdn.jsdelivr.net/gh/yuhonas/free-exercise-db@main/exercises/One-Arm_Kettlebell_Clean/0.jpg,https://cdn.jsdelivr.net/gh/yuhonas/free-exercise-db@main/exercises/One-Arm_Kettlebell_Clean/1.jpg
One-Arm Kettlebell Clean and Jerk,Shoulders,Kettlebells,"Hold a kettlebell by the handle. Clean the kettlebell to your shoulder by extending through the legs and hips as you pull the kettlebell towards your shoulder. Rotate your wrist as you do so, so that the palm faces forward. Dip your body…",https://cdn.jsdelivr.net/gh/yuhonas/free-exercise-db@main/exercises/One-Arm_Kettlebell_Clean_and_Jerk/0.jpg,https://cdn.jsdelivr.net/gh/yuhonas/free-exercise-db@main/exercises/One-Arm_Kettlebell_Clean_and_Jerk/1.jpg
One-Arm Kettlebell Floor Press,Chest,Kettlebells,"Lie on the floor holding a kettlebell with one hand, with your upper arm supported by the floor. The palm should be facing in. Press the kettlebell straight up toward the ceiling, rotating your wrist. Lower the kettlebell back to the sta…",https://cdn.jsdelivr.net/gh/yuhonas/free-exercise-db@main/exercises/One-Arm_Kettlebell_Floor_Press/0.jpg,https://cdn.jsdelivr.net/gh/yuhonas/free-exercise-db@main/exercises/One-Arm_Kettlebell_Floor_Press/1.jpg
One-Arm Kettlebell Jerk,Shoulders,Kettlebells,"Hold a kettlebell by the handle. Clean the kettlebell to your shoulder by extending through the legs and hips as you pull the kettlebell towards your shoulder. Rotate your wrist as you do so, so that the palm faces forward. This will be …",https://cdn.jsdelivr.net/gh/yuhonas/free-exercise-db@main/exercises/One-Arm_Kettlebell_Jerk/0.jpg,https://cdn.jsdelivr.net/gh/yuhonas/free-exercise-db@main/exercises/One-Arm_Kettlebell_Jerk/1.jpg
One-Arm Kettlebell Military Press To The Side,Shoulders,Kettlebells,"Clean a kettlebell to your shoulder. Clean the kettlebell to your shoulder by extending through the legs and hips as you pull the kettlebell towards your shoulder. Rotate your wrist as you do so, so that the palm faces inward. This will …",https://cdn.jsdelivr.net/gh/yuhonas/free-exercise-db@main/exercises/One-Arm_Kettlebell_Military_Press_To_The_Side/0.jpg,https://cdn.jsdelivr.net/gh/yuhonas/free-exercise-db@main/exercises/One-Arm_Kettlebell_Military_Press_To_The_Side/1.jpg
One-Arm Kettlebell Para Press,Shoulders,Kettlebells,"Clean a kettlebell to your shoulder. Clean the kettlebell to your shoulder by extending through the legs and hips as you pull the kettlebell towards your shoulder. Rotate your wrist as you do so, so that the palm faces forward. This will…",https://cdn.jsdelivr.net/gh/yuhonas/free-exercise-db@main/exercises/One-Arm_Kettlebell_Para_Press/0.jpg,https://cdn.jsdelivr.net/gh/yuhonas/free-exercise-db@main/exercises/One-Arm_Kettlebell_Para_Press/1.jpg
One-Arm Kettlebell Push Press,Shoulders,Kettlebells,"Hold a kettlebell by the handle. Clean the kettlebell to your shoulder by extending through the legs and hips as you pull the kettlebell towards your shoulder. Rotate your wrist as you do so, so that the palm faces forward. This will be …",https://cdn.jsdelivr.net/gh/yuhonas/free-exercise-db@main/exercises/One-Arm_Kettlebell_Push_Press/0.jpg,https://cdn.jsdelivr.net/gh/yuhonas/free-exercise-db@main/exercises/One-Arm_Kettlebell_Push_Press/1.jpg
One-Arm Kettlebell Row,Middle back,Kettlebells,"Place a kettlebell in front of your feet. Bend your knees slightly and then push your butt out as much as possible as you bend over to get in the starting position. Grab the kettlebell and pull it to your stomach, retracting your shoulde…",https://cdn.jsdelivr.net/gh/yuhonas/free-exercise-db@main/exercises/One-Arm_Kettlebell_Row/0.jpg,https://cdn.jsdelivr.net/gh/yuhonas/free-exercise-db@main/exercises/One-Arm_Kettlebell_Row/1.jpg
One-Arm Kettlebell Split Jerk,Shoulders,Kettlebells,"Hold a kettlebell by the handle. Clean the kettlebell to your shoulder by extending through the legs and hips as you pull the kettlebell towards your shoulder. Rotate your wrist as you do so, so that the palm faces forward. This will be …",https://cdn.jsdelivr.net/gh/yuhonas/free-exercise-db@main/exercises/One-Arm_Kettlebell_Split_Jerk/0.jpg,https://cdn.jsdelivr.net/gh/yuhonas/free-exercise-db@main/exercises/One-Arm_Kettlebell_Split_Jerk/1.jpg
One-Arm Kettlebell Swings,Hamstrings,Kettlebells,,https://cdn.jsdelivr.net/gh/yuhonas/free-exercise-db@main/exercises/One-Arm_Kettlebell_Swings/0.jpg,https://cdn.jsdelivr.net/gh/yuhonas/free-exercise-db@main/exercises/One-Arm_Kettlebell_Swings/1.jpg
One-Arm Medicine Ball Slam,Abdominals,Medicine ball,"Start in a standing position with a staggered, athletic stance. Hold a medicine ball in one hand, on the same side as your back leg. This will be your starting position. Begin by winding the arm, raising the medicine ball above your head…",https://cdn.jsdelivr.net/gh/yuhonas/free-exercise-db@main/exercises/One-Arm_Medicine_Ball_Slam/0.jpg,https://cdn.jsdelivr.net/gh/yuhonas/free-exercise-db@main/exercises/One-Arm_Medicine_Ball_Slam/1.jpg
One-Arm Open Palm Kettlebell Clean,Hamstrings,Kettlebells,"Place one kettlebell between your feet. Grab the handle with one hand and raise the kettlebell rapidly, let it flip so that the ball of the kettlebell lands in the palm of your hand. Throw the kettlebell out in front of you and catch the…",https://cdn.jsdelivr.net/gh/yuhonas/free-exercise-db@main/exercises/One-Arm_Open_Palm_Kettlebell_Clean/0.jpg,https://cdn.jsdelivr.net/gh/yuhonas/free-exercise-db@main/exercises/One-Arm_Open_Palm_Kettlebell_Clean/1.jpg
One-Arm Side Laterals,Shoulders,Dumbbell,Pick a dumbbell and place it in one of your hands. Your non lifting hand should be used to grab something steady such as an incline bench press. Lean towards your lifting arm and away from the hand that is gripping the incline bench as t…,https://cdn.jsdelivr.net/gh/yuhonas/free-exercise-db@main/exercises/One-Arm_Side_Laterals/0.jpg,https://cdn.jsdelivr.net/gh/yuhonas/free-exercise-db@main/exercises/One-Arm_Side_Laterals/1.jpg
One Arm Against Wall,Lats,None,"From a standing position, place a bent arm against a wall or doorway. Slowly lean toward your arm until you feel a stretch in your lats.",https://cdn.jsdelivr.net/gh/yuhonas/free-exercise-db@main/exercises/One_Arm_Against_Wall/0.jpg,https://cdn.jsdelivr.net/gh/yuhonas/free-exercise-db@main/exercises/One_Arm_Against_Wall/1.jpg
One Arm Dumbbell Bench Press,Chest,Dumbbell,"Lie down on a flat bench with a dumbbell in one hand on top of your thigh. By using your thigh to help you get the dumbbell up, clean the dumbbell up so that you can hold it in front of you at shoulder width. Use the hand you are not lif…",https://cdn.jsdelivr.net/gh/yuhonas/free-exercise-db@main/exercises/One_Arm_Dumbbell_Bench_Press/0.jpg,https://cdn.jsdelivr.net/gh/yuhonas/free-exercise-db@main/exercises/One_Arm_Dumbbell_Bench_Press/1.jpg
One Arm Dumbbell Preacher Curl,Biceps,Dumbbell,"Grab a dumbbell with the right arm and place the upper arm on top of the preacher bench or the incline bench. The dumbbell should be held at shoulder length. This will be your starting position. As you breathe in, slowly lower the dumbbe…",https://cdn.jsdelivr.net/gh/yuhonas/free-exercise-db@main/exercises/One_Arm_Dumbbell_Preacher_Curl/0.jpg,https://cdn.jsdelivr.net/gh/yuhonas/free-exercise-db@main/exercises/One_Arm_Dumbbell_Preacher_Curl/1.jpg
One Arm Pronated Dumbbell Triceps Extension,Triceps,Dumbbell,Lie flat on a bench while holding a dumbbell at arms length. Your arm should be perpendicular to your body. The palm of your hand should be facing towards your feet as a pronated grip is required to perform this exercise. Place your non …,https://cdn.jsdelivr.net/gh/yuhonas/free-exercise-db@main/exercises/One_Arm_Pronated_Dumbbell_Triceps_Extension/0.jpg,https://cdn.jsdelivr.net/gh/yuhonas/free-exercise-db@main/exercises/One_Arm_Pronated_Dumbbell_Triceps_Extension/1.jpg
One Arm Supinated Dumbbell Triceps Extension,Triceps,Dumbbell,Lie flat on a bench while holding a dumbbell at arms length. Your arm should be perpendicular to your body. The palm of your hand should be facing towards your face as a supinated grip is required to perform this exercise. Place your non…,https://cdn.jsdelivr.net/gh/yuhonas/free-exercise-db@main/exercises/One_Arm_Supinated_Dumbbell_Triceps_Extension/0.jpg,https://cdn.jsdelivr.net/gh/yuhonas/free-exercise-db@main/exercises/One_Arm_Supinated_Dumbbell_Triceps_Extension/1.jpg
One Half Locust,Quadriceps,None,Lie facedown on the floor. Put your left hand under your left hipbone to pad your hip and pubic bone. Bend your right knee so you can hold the foot in your right hand. Lift the foot in the air and simultaneously lift your shoulders off t…,https://cdn.jsdelivr.net/gh/yuhonas/free-exercise-db@main/exercises/One_Half_Locust/0.jpg,https://cdn.jsdelivr.net/gh/yuhonas/free-exercise-db@main/exercises/One_Half_Locust/1.jpg
One Handed Hang,Lats,Other,"Grab onto a chinup bar with one hand, using a pronated grip. Keep your feet on the floor or a step. Allow the majority of your weight to hang from that hand, while keeping your feet on the ground. Hold for 10-20 seconds and switch sides.",https://cdn.jsdelivr.net/gh/yuhonas/free-exercise-db@main/exercises/One_Handed_Hang/0.jpg,https://cdn.jsdelivr.net/gh/yuhonas/free-exercise-db@main/exercises/One_Handed_Hang/1.jpg
One Knee To Chest,Glutes,None,Start off by lying on the floor. Extend one leg straight and pull the other knee to your chest. Hold under the knee joint to protect the kneecap. Gently tug that knee toward your nose. Switch sides. This stretches the buttocks and lower …,https://cdn.jsdelivr.net/gh/yuhonas/free-exercise-db@main/exercises/One_Knee_To_Chest/0.jpg,https://cdn.jsdelivr.net/gh/yuhonas/free-exercise-db@main/exercises/One_Knee_To_Chest/1.jpg
Otis-Up,Abdominals,Other,Secure your feet and lay back on the floor. Your knees should be bent. Hold a weight with both hands to your chest. This will be your starting position. Initiate the movement by flexing the hips and spine to raise your torso up from the …,https://cdn.jsdelivr.net/gh/yuhonas/free-exercise-db@main/exercises/Otis-Up/0.jpg,https://cdn.jsdelivr.net/gh/yuhonas/free-exercise-db@main/exercises/Otis-Up/1.jpg
Overhead Slam,Lats,Medicine ball,"Hold a medine ball with both hands and stand with your feet at shoulder width. This will be your starting position. Initiate the countermovement by raising the ball above your head and fully extending your body. Reverse the motion, slamm…",https://cdn.jsdelivr.net/gh/yuhonas/free-exercise-db@main/exercises/Overhead_Slam/0.jpg,https://cdn.jsdelivr.net/gh/yuhonas/free-exercise-db@main/exercises/Overhead_Slam/1.jpg
Overhead Stretch,Abdominals,None,"Standing straight up, lace your fingers together and open your palms to the ceiling. Keep your shoulders down as you extend your arms up. To create a full torso stretch, pull your tailbone down and stabilize your torso as you do this. St…",https://cdn.jsdelivr.net/gh/yuhonas/free-exercise-db@main/exercises/Overhead_Stretch/0.jpg,https://cdn.jsdelivr.net/gh/yuhonas/free-exercise-db@main/exercises/Overhead_Stretch/1.jpg
Palms-Down Dumbbell Wrist Curl Over A Bench,Forearms,Dumbbell,Start out by placing two dumbbells on one side of a flat bench. Kneel down on both of your knees so that your body is facing the flat bench. Use your arms to grab both of the dumbbells with a pronated grip (palms facing down) and bring t…,https://cdn.jsdelivr.net/gh/yuhonas/free-exercise-db@main/exercises/Palms-Down_Dumbbell_Wrist_Curl_Over_A_Bench/0.jpg,https://cdn.jsdelivr.net/gh/yuhonas/free-exercise-db@main/exercises/Palms-Down_Dumbbell_Wrist_Curl_Over_A_Bench/1.jpg
Palms-Up Dumbbell Wrist Curl Over A Bench,Forearms,Dumbbell,Start out by placing two dumbbells on one side of a flat bench. Kneel down on both of your knees so that your body is facing the flat bench. Use your arms to grab both of the dumbbells with a supinated grip (palms up) and bring them up s…,https://cdn.jsdelivr.net/gh/yuhonas/free-exercise-db@main/exercises/Palms-Up_Dumbbell_Wrist_Curl_Over_A_Bench/0.jpg,https://cdn.jsdelivr.net/gh/yuhonas/free-exercise-db@main/exercises/Palms-Up_Dumbbell_Wrist_Curl_Over_A_Bench/1.jpg
Parallel Bar Dip,Triceps,Other,"Stand between a set of parallel bars. Place a hand on each bar, and then take a small jump to help you get into the starting position with your arms locked out. Begin by flexing the elbow, lowering your body until your arms break 90 degr…",https://cdn.jsdelivr.net/gh/yuhonas/free-exercise-db@main/exercises/Parallel_Bar_Dip/0.jpg,https://cdn.jsdelivr.net/gh/yuhonas/free-exercise-db@main/exercises/Parallel_Bar_Dip/1.jpg
Pelvic Tilt Into Bridge,Lower back,None,"Lie down with your feet on the floor, heels directly under your knees. Lift only your tailbone to the ceiling to stretch your lower back. (Don't lift the entire spine yet.) Pull in your stomach. To go into a bridge, lift the entire spine…",https://cdn.jsdelivr.net/gh/yuhonas/free-exercise-db@main/exercises/Pelvic_Tilt_Into_Bridge/0.jpg,https://cdn.jsdelivr.net/gh/yuhonas/free-exercise-db@main/exercises/Pelvic_Tilt_Into_Bridge/1.jpg
Peroneals-SMR,Calves,Foam roll,"Lay on your side, supporting your weight on your forearm and on a foam roller placed on the outside of your lower leg. Your upper leg can either be on top of your lower leg, or you can cross it in front of you. This will be your starting…",https://cdn.jsdelivr.net/gh/yuhonas/free-exercise-db@main/exercises/Peroneals-SMR/0.jpg,https://cdn.jsdelivr.net/gh/yuhonas/free-exercise-db@main/exercises/Peroneals-SMR/1.jpg
Peroneals Stretch,Calves,Other,"In a seated position, loop a belt, rope, or band around one foot. This will be your starting position. With the leg extended and the heel off of the ground, pull on the belt so that the foot is inverted, with the inside of the foot being…",https://cdn.jsdelivr.net/gh/yuhonas/free-exercise-db@main/exercises/Peroneals_Stretch/0.jpg,https://cdn.jsdelivr.net/gh/yuhonas/free-exercise-db@main/exercises/Peroneals_Stretch/1.jpg
Physioball Hip Bridge,Glutes,Exercise ball,"Lay on a ball so that your upper back is on the ball with your hips unsupported. Both feet should be flat on the floor, hip width apart or wider. This will be your starting position. Begin by extending the hips using your glutes and hams…",https://cdn.jsdelivr.net/gh/yuhonas/free-exercise-db@main/exercises/Physioball_Hip_Bridge/0.jpg,https://cdn.jsdelivr.net/gh/yuhonas/free-exercise-db@main/exercises/Physioball_Hip_Bridge/1.jpg
Piriformis-SMR,Glutes,Foam roll,"Sit with your buttocks on top of a foam roll. Bend your knees, and then cross one leg so that the ankle is over the knee. This will be your starting position. Shift your weight to the side of the crossed leg, rolling over the buttocks un…",https://cdn.jsdelivr.net/gh/yuhonas/free-exercise-db@main/exercises/Piriformis-SMR/0.jpg,https://cdn.jsdelivr.net/gh/yuhonas/free-exercise-db@main/exercises/Piriformis-SMR/1.jpg
Plank,Abdominals,Bodyweight,"Get into a prone position on the floor, supporting your weight on your toes and your forearms. Your arms are bent and directly below the shoulder. Keep your body straight at all times, and hold this position as long as possible. To incre…",https://cdn.jsdelivr.net/gh/yuhonas/free-exercise-db@main/exercises/Plank/0.jpg,https://cdn.jsdelivr.net/gh/yuhonas/free-exercise-db@main/exercises/Plank/1.jpg
Plate Pinch,Forearms,Other,Grab two wide-rimmed plates and put them together with the smooth sides facing outward Use your fingers to grip the outside part of the plate and your thumb for the other side thus holding both plates together. This is the starting posit…,https://cdn.jsdelivr.net/gh/yuhonas/free-exercise-db@main/exercises/Plate_Pinch/0.jpg,https://cdn.jsdelivr.net/gh/yuhonas/free-exercise-db@main/exercises/Plate_Pinch/1.jpg
Plate Twist,Abdominals,Other,Lie down on the floor or an exercise mat with your legs fully extended and your upper body upright. Grab the plate by its sides with both hands out in front of your abdominals with your arms slightly bent. Slowly cross your legs near you…,https://cdn.jsdelivr.net/gh/yuhonas/free-exercise-db@main/exercises/Plate_Twist/0.jpg,https://cdn.jsdelivr.net/gh/yuhonas/free-exercise-db@main/exercises/Plate_Twist/1.jpg
Platform Hamstring Slides,Hamstrings,Other,"For this movement a wooden floor or similar is needed. Lay on your back with your legs extended. Place a gym towel or a light weight underneath your heel. This will be your starting position. Begin the movement by flexing the knee, keepi…",https://cdn.jsdelivr.net/gh/yuhonas/free-exercise-db@main/exercises/Platform_Hamstring_Slides/0.jpg,https://cdn.jsdelivr.net/gh/yuhonas/free-exercise-db@main/exercises/Platform_Hamstring_Slides/1.jpg
Plie Dumbbell Squat,Quadriceps,Dumbbell,Hold a dumbbell at the base with both hands and stand straight up. Move your legs so that they are wider than shoulder width apart from each other with your knees slightly bent. Your toes should be facing out. Note: Your arms should be s…,https://cdn.jsdelivr.net/gh/yuhonas/free-exercise-db@main/exercises/Plie_Dumbbell_Squat/0.jpg,https://cdn.jsdelivr.net/gh/yuhonas/free-exercise-db@main/exercises/Plie_Dumbbell_Squat/1.jpg
Plyo Push-up,Chest,Bodyweight,"Move into a prone position on the floor, supporting your weight on your hands and toes. Your arms should be fully extended with the hands around shoulder width. Keep your body straight throughout the movement. This will be your starting …",https://cdn.jsdelivr.net/gh/yuhonas/free-exercise-db@main/exercises/Plyo_Push-up/0.jpg,https://cdn.jsdelivr.net/gh/yuhonas/free-exercise-db@main/exercises/Plyo_Push-up/1.jpg
Posterior Tibialis Stretch,Calves,Other,"In a seated position, loop a belt, rope, or band around one foot. This will be your starting position. With the leg extended and the heel off of the ground, pull on the belt so that the foot is everted, with the outside of the foot being…",https://cdn.jsdelivr.net/gh/yuhonas/free-exercise-db@main/exercises/Posterior_Tibialis_Stretch/0.jpg,https://cdn.jsdelivr.net/gh/yuhonas/free-exercise-db@main/exercises/Posterior_Tibialis_Stretch/1.jpg
Power Partials,Shoulders,Dumbbell,Stand up with your torso upright and a dumbbell on each hand being held at arms length. The elbows should be close to the torso. The palms of the hands should be facing your torso. Your feet should be about shoulder width apart. This wil…,https://cdn.jsdelivr.net/gh/yuhonas/free-exercise-db@main/exercises/Power_Partials/0.jpg,https://cdn.jsdelivr.net/gh/yuhonas/free-exercise-db@main/exercises/Power_Partials/1.jpg
Preacher Hammer Dumbbell Curl,Biceps,Dumbbell,"Place the upper part of both arms on top of the preacher bench as you hold a dumbbell in each hand with the palms facing each other (neutral grip). As you breathe in, slowly lower the dumbbells until your upper arm is extended and the bi…",https://cdn.jsdelivr.net/gh/yuhonas/free-exercise-db@main/exercises/Preacher_Hammer_Dumbbell_Curl/0.jpg,https://cdn.jsdelivr.net/gh/yuhonas/free-exercise-db@main/exercises/Preacher_Hammer_Dumbbell_Curl/1.jpg
Prone Manual Hamstring,Hamstrings,None,"You will need a partner for this exercise. Lay face down with your legs straight. Your assistant will place their hand on your heel. To begin, flex the knee to curl your leg up. Your partner should provide resistance, starting light and …",https://cdn.jsdelivr.net/gh/yuhonas/free-exercise-db@main/exercises/Prone_Manual_Hamstring/0.jpg,https://cdn.jsdelivr.net/gh/yuhonas/free-exercise-db@main/exercises/Prone_Manual_Hamstring/1.jpg
Prowler Sprint,Hamstrings,Other,"Place your sled on an appropriate surface, loaded to a suitable weight. The sled should provide enough resistance to require effort, but not so heavy that you are significantly slowed down. You may use the upright or the low handles for …",https://cdn.jsdelivr.net/gh/yuhonas/free-exercise-db@main/exercises/Prowler_Sprint/0.jpg,https://cdn.jsdelivr.net/gh/yuhonas/free-exercise-db@main/exercises/Prowler_Sprint/1.jpg
Pullups,Lats,Bodyweight,"Grab the pull-up bar with the palms facing forward using the prescribed grip. Note on grips: For a wide grip, your hands need to be spaced out at a distance wider than your shoulder width. For a medium grip, your hands need to be spaced …",https://cdn.jsdelivr.net/gh/yuhonas/free-exercise-db@main/exercises/Pullups/0.jpg,https://cdn.jsdelivr.net/gh/yuhonas/free-exercise-db@main/exercises/Pullups/1.jpg
Push-Up Wide,Chest,Bodyweight,"With your hands wide apart, support your body on your toes and hands in a plank position. Your elbows should be extended and your body straight. Do not allow your hips to sag. This will be your starting position. To begin, allow the elbo…",https://cdn.jsdelivr.net/gh/yuhonas/free-exercise-db@main/exercises/Push-Up_Wide/0.jpg,https://cdn.jsdelivr.net/gh/yuhonas/free-exercise-db@main/exercises/Push-Up_Wide/1.jpg
Push-Ups - Close Triceps Position,Triceps,Bodyweight,Lie on the floor face down and place your hands closer than shoulder width for a close hand position. Make sure that you are holding your torso up at arms' length. Lower yourself until your chest almost touches the floor as you inhale. U…,https://cdn.jsdelivr.net/gh/yuhonas/free-exercise-db@main/exercises/Push-Ups_-_Close_Triceps_Position/0.jpg,https://cdn.jsdelivr.net/gh/yuhonas/free-exercise-db@main/exercises/Push-Ups_-_Close_Triceps_Position/1.jpg
Push-Ups With Feet Elevated,Chest,Bodyweight,Lie on the floor face down and place your hands about 36 inches apart from each other holding your torso up at arms length. Place your toes on top of a flat bench. This will allow your body to be elevated. Note: The higher the elevation …,https://cdn.jsdelivr.net/gh/yuhonas/free-exercise-db@main/exercises/Push-Ups_With_Feet_Elevated/0.jpg,https://cdn.jsdelivr.net/gh/yuhonas/free-exercise-db@main/exercises/Push-Ups_With_Feet_Elevated/1.jpg
Push-Ups With Feet On An Exercise Ball,Chest,Exercise ball,Lie on the floor face down and place your hands about 36 inches apart from each other holding your torso up at arms length. Place your toes on top of an exercise ball. This will allow your body to be elevated. Lower yourself until your c…,https://cdn.jsdelivr.net/gh/yuhonas/free-exercise-db@main/exercises/Push-Ups_With_Feet_On_An_Exercise_Ball/0.jpg,https://cdn.jsdelivr.net/gh/yuhonas/free-exercise-db@main/exercises/Push-Ups_With_Feet_On_An_Exercise_Ball/1.jpg
Push Up to Side Plank,Chest,Bodyweight,"Get into pushup position on the toes with your hands just outside of shoulder width. Perform a pushup by allowing the elbows to flex. As you descend, keep your body straight. Do one pushup and as you come up, shift your weight on the lef…",https://cdn.jsdelivr.net/gh/yuhonas/free-exercise-db@main/exercises/Push_Up_to_Side_Plank/0.jpg,https://cdn.jsdelivr.net/gh/yuhonas/free-exercise-db@main/exercises/Push_Up_to_Side_Plank/1.jpg
Pushups,Chest,Bodyweight,"Lie on the floor face down and place your hands about 36 inches apart while holding your torso up at arms length. Next, lower yourself downward until your chest almost touches the floor as you inhale. Now breathe out and press your upper…",https://cdn.jsdelivr.net/gh/yuhonas/free-exercise-db@main/exercises/Pushups/0.jpg,https://cdn.jsdelivr.net/gh/yuhonas/free-exercise-db@main/exercises/Pushups/1.jpg
Pushups (Close and Wide Hand Positions),Chest,Bodyweight,Lie on the floor face down and body straight with your toes on the floor and the hands wider than shoulder width for a wide hand position and closer than shoulder width for a close hand position. Make sure you are holding your torso up a…,https://cdn.jsdelivr.net/gh/yuhonas/free-exercise-db@main/exercises/Pushups_Close_and_Wide_Hand_Positions/0.jpg,https://cdn.jsdelivr.net/gh/yuhonas/free-exercise-db@main/exercises/Pushups_Close_and_Wide_Hand_Positions/1.jpg
Pyramid,Lower back,Exercise ball,"Start off by rolling your torso forward onto the ball so your hips rest on top of the ball and become the highest point of your body. Rest your hands and feet on the floor. Your arms and legs can be slightly bent or straight, depending o…",https://cdn.jsdelivr.net/gh/yuhonas/free-exercise-db@main/exercises/Pyramid/0.jpg,https://cdn.jsdelivr.net/gh/yuhonas/free-exercise-db@main/exercises/Pyramid/1.jpg
Quad Stretch,Quadriceps,Other,"Lay on your side. Loop a belt, rope, or band around your top foot. Flex the knee and extend your hip, attempting to touch your glutes with your foot, and holding the belt with your hands. This will be your starting position. With the bel…",https://cdn.jsdelivr.net/gh/yuhonas/free-exercise-db@main/exercises/Quad_Stretch/0.jpg,https://cdn.jsdelivr.net/gh/yuhonas/free-exercise-db@main/exercises/Quad_Stretch/1.jpg
Quadriceps-SMR,Quadriceps,Foam roll,"Lay facedown on the floor with your weight supported by your hands or forearms. Place a foam roll underneath one leg on the quadriceps, and keep the foot off of the ground. Make sure to relax the leg as much as possible. This will be you…",https://cdn.jsdelivr.net/gh/yuhonas/free-exercise-db@main/exercises/Quadriceps-SMR/0.jpg,https://cdn.jsdelivr.net/gh/yuhonas/free-exercise-db@main/exercises/Quadriceps-SMR/1.jpg
Quick Leap,Quadriceps,Other,"You will need a box for this exerise. Begin facing the box standing 1-2 feet from its edge. By utilizing your hips, hop onto the box, landing on both legs. Ensure that you land with your legs bent and your feet flat. Immediately upon lan…",https://cdn.jsdelivr.net/gh/yuhonas/free-exercise-db@main/exercises/Quick_Leap/0.jpg,https://cdn.jsdelivr.net/gh/yuhonas/free-exercise-db@main/exercises/Quick_Leap/1.jpg
Rear Leg Raises,Quadriceps,Bodyweight,Place yourself on your hands knees on an exercise mat. Your head should be looking forward and the bend of the knees should create a 90-degree angle between the hamstrings and the calves. This will be your starting position. Extend one l…,https://cdn.jsdelivr.net/gh/yuhonas/free-exercise-db@main/exercises/Rear_Leg_Raises/0.jpg,https://cdn.jsdelivr.net/gh/yuhonas/free-exercise-db@main/exercises/Rear_Leg_Raises/1.jpg
Return Push from Stance,Shoulders,Medicine ball,"You will need a partner for this drill. Begin in an athletic 2 or 3 point stance. At the signal, move into a position to receive the pass from your partner. Catch the medicine ball with both hands and immediately throw it back to your pa…",https://cdn.jsdelivr.net/gh/yuhonas/free-exercise-db@main/exercises/Return_Push_from_Stance/0.jpg,https://cdn.jsdelivr.net/gh/yuhonas/free-exercise-db@main/exercises/Return_Push_from_Stance/1.jpg
Reverse Crunch,Abdominals,Bodyweight,Lie down on the floor with your legs fully extended and arms to the side of your torso with the palms on the floor. Your arms should be stationary for the entire exercise. Move your legs up so that your thighs are perpendicular to the fl…,https://cdn.jsdelivr.net/gh/yuhonas/free-exercise-db@main/exercises/Reverse_Crunch/0.jpg,https://cdn.jsdelivr.net/gh/yuhonas/free-exercise-db@main/exercises/Reverse_Crunch/1.jpg
Reverse Flyes,Shoulders,Dumbbell,"To begin, lie down on an incline bench with the chest and stomach pressing against the incline. Have the dumbbells in each hand with the palms facing each other (neutral grip). Extend the arms in front of you so that they are perpendicul…",https://cdn.jsdelivr.net/gh/yuhonas/free-exercise-db@main/exercises/Reverse_Flyes/0.jpg,https://cdn.jsdelivr.net/gh/yuhonas/free-exercise-db@main/exercises/Reverse_Flyes/1.jpg
Reverse Flyes With External Rotation,Shoulders,Dumbbell,"To begin, lie down on an incline bench set at a 30-degree angle with the chest and stomach pressing against the incline. Have the dumbbells in each hand with the palms facing down to the floor. Your arms should be in front of you so that…",https://cdn.jsdelivr.net/gh/yuhonas/free-exercise-db@main/exercises/Reverse_Flyes_With_External_Rotation/0.jpg,https://cdn.jsdelivr.net/gh/yuhonas/free-exercise-db@main/exercises/Reverse_Flyes_With_External_Rotation/1.jpg
Reverse Plate Curls,Biceps,Other,Start by standing straight with a weighted plate held by both hands and arms fully extended. Use a pronated grip (palms facing down) and make sure your fingers grab the rough side of the plate while your thumb grabs the smooth side. Note…,https://cdn.jsdelivr.net/gh/yuhonas/free-exercise-db@main/exercises/Reverse_Plate_Curls/0.jpg,https://cdn.jsdelivr.net/gh/yuhonas/free-exercise-db@main/exercises/Reverse_Plate_Curls/1.jpg
Rhomboids-SMR,Middle back,Foam roll,"Lay down with your back on the floor. Place a foam roll underneath your upper back, and cross your arms in front of you, protracting your shoulders. This will be your starting position. Raise your hips off of the ground, placing your wei…",https://cdn.jsdelivr.net/gh/yuhonas/free-exercise-db@main/exercises/Rhomboids-SMR/0.jpg,https://cdn.jsdelivr.net/gh/yuhonas/free-exercise-db@main/exercises/Rhomboids-SMR/1.jpg
Ring Dips,Triceps,Other,"Grip a ring in each hand, and then take a small jump to help you get into the starting position with your arms locked out. Begin by flexing the elbow, lowering your body until your arms break 90 degrees. Avoid swinging, and maintain good…",https://cdn.jsdelivr.net/gh/yuhonas/free-exercise-db@main/exercises/Ring_Dips/0.jpg,https://cdn.jsdelivr.net/gh/yuhonas/free-exercise-db@main/exercises/Ring_Dips/1.jpg
Rocket Jump,Quadriceps,Bodyweight,"Begin in a relaxed stance with your feet shoulder width apart and hold your arms close to the body. To initiate the move, squat down halfway and explode back up as high as possible. Fully extend your entire body, reaching overhead as far…",https://cdn.jsdelivr.net/gh/yuhonas/free-exercise-db@main/exercises/Rocket_Jump/0.jpg,https://cdn.jsdelivr.net/gh/yuhonas/free-exercise-db@main/exercises/Rocket_Jump/1.jpg
Rocky Pull-Ups/Pulldowns,Lats,Other,"Grab the pull-up bar with the palms facing forward using a wide grip. As you have both arms extended in front of you holding the bar at the chosen grip width, bring your torso back around 30 degrees or so while creating a curvature on yo…",https://cdn.jsdelivr.net/gh/yuhonas/free-exercise-db@main/exercises/Rocky_Pull-Ups_Pulldowns/0.jpg,https://cdn.jsdelivr.net/gh/yuhonas/free-exercise-db@main/exercises/Rocky_Pull-Ups_Pulldowns/1.jpg
Rope Climb,Lats,Other,"Grab the rope with both hands above your head. Pull down on the rope as you take a small jump. Wrap the rope around one leg, using your feet to pinch the rope. Reach up as high as possible with your arms, gripping the rope tightly. Relea…",https://cdn.jsdelivr.net/gh/yuhonas/free-exercise-db@main/exercises/Rope_Climb/0.jpg,https://cdn.jsdelivr.net/gh/yuhonas/free-exercise-db@main/exercises/Rope_Climb/1.jpg
Rope Jumping,Quadriceps,Other,"Hold an end of the rope in each hand. Position the rope behind you on the ground. Raise your arms up and turn the rope over your head bringing it down in front of you. When it reaches the ground, jump over it. Find a good turning pace th…",https://cdn.jsdelivr.net/gh/yuhonas/free-exercise-db@main/exercises/Rope_Jumping/0.jpg,https://cdn.jsdelivr.net/gh/yuhonas/free-exercise-db@main/exercises/Rope_Jumping/1.jpg
Round The World Shoulder Stretch,Shoulders,Other,"Stand up straight with your legs together, holding a bodybar or broomstick. Hold the pole behind your hips with a wider than shoulder width grip. Your palms should be down and your thumbs facing out. Slowly lift your arms up behind your …",https://cdn.jsdelivr.net/gh/yuhonas/free-exercise-db@main/exercises/Round_The_World_Shoulder_Stretch/0.jpg,https://cdn.jsdelivr.net/gh/yuhonas/free-exercise-db@main/exercises/Round_The_World_Shoulder_Stretch/1.jpg
Runner's Stretch,Hamstrings,None,"It's easiest to get into this stretch if you start standing up, put one leg behind you, and slowly lower your torso down to the floor. Keep the front heel on the floor (if it lifts up, scoot your other leg further back). Place your hands…",https://cdn.jsdelivr.net/gh/yuhonas/free-exercise-db@main/exercises/Runners_Stretch/0.jpg,https://cdn.jsdelivr.net/gh/yuhonas/free-exercise-db@main/exercises/Runners_Stretch/1.jpg
Russian Twist,Abdominals,Bodyweight,Lie down on the floor placing your feet either under something that will not move or by having a partner hold them. Your legs should be bent at the knees. Elevate your upper body so that it creates an imaginary V-shape with your thighs. …,https://cdn.jsdelivr.net/gh/yuhonas/free-exercise-db@main/exercises/Russian_Twist/0.jpg,https://cdn.jsdelivr.net/gh/yuhonas/free-exercise-db@main/exercises/Russian_Twist/1.jpg
Scapular Pull-Up,Traps,None,"Take a pronated grip on a pull-up bar. From a hanging position, raise yourself a few inches without using your arms. Do this by depressing your shoulder girdle in a reverse shrugging motion. Pause at the completion of the movement, and t…",https://cdn.jsdelivr.net/gh/yuhonas/free-exercise-db@main/exercises/Scapular_Pull-Up/0.jpg,https://cdn.jsdelivr.net/gh/yuhonas/free-exercise-db@main/exercises/Scapular_Pull-Up/1.jpg
Scissor Kick,Abdominals,Bodyweight,"To begin, lie down with your back pressed against the floor or on an exercise mat (optional). Your arms should be fully extended to the sides with your palms facing down. Note: The arms should be stationary the entire time. With a slight…",https://cdn.jsdelivr.net/gh/yuhonas/free-exercise-db@main/exercises/Scissor_Kick/0.jpg,https://cdn.jsdelivr.net/gh/yuhonas/free-exercise-db@main/exercises/Scissor_Kick/1.jpg
Scissors Jump,Quadriceps,Bodyweight,"Assume a lunge stance position with one foot forward with the knee bent, and the rear knee nearly touching the ground. Ensure that the front knee is over the midline of the foot. Extending through both legs, jump as high as possible, swi…",https://cdn.jsdelivr.net/gh/yuhonas/free-exercise-db@main/exercises/Scissors_Jump/0.jpg,https://cdn.jsdelivr.net/gh/yuhonas/free-exercise-db@main/exercises/Scissors_Jump/1.jpg
Seated Band Hamstring Curl,Hamstrings,Other,"Secure a band close to the ground and place a bench a couple feet away from it. Seat yourself on the bench and secure the band behind your ankles, beginning with your legs straight. This will be your starting position. Flex the knees, br…",https://cdn.jsdelivr.net/gh/yuhonas/free-exercise-db@main/exercises/Seated_Band_Hamstring_Curl/0.jpg,https://cdn.jsdelivr.net/gh/yuhonas/free-exercise-db@main/exercises/Seated_Band_Hamstring_Curl/1.jpg
Seated Bent-Over One-Arm Dumbbell Triceps Extension,Triceps,Dumbbell,"Sit down at the end of a flat bench with a dumbbell in one arm using a neutral grip (palms of the hand facing you). Bend your knees slightly and bring your torso forward, by bending at the waist, while keeping the back straight until it …",https://cdn.jsdelivr.net/gh/yuhonas/free-exercise-db@main/exercises/Seated_Bent-Over_One-Arm_Dumbbell_Triceps_Extension/0.jpg,https://cdn.jsdelivr.net/gh/yuhonas/free-exercise-db@main/exercises/Seated_Bent-Over_One-Arm_Dumbbell_Triceps_Extension/1.jpg
Seated Bent-Over Rear Delt Raise,Shoulders,Dumbbell,Place a couple of dumbbells looking forward in front of a flat bench. Sit on the end of the bench with your legs together and the dumbbells behind your calves. Bend at the waist while keeping the back straight in order to pick up the dum…,https://cdn.jsdelivr.net/gh/yuhonas/free-exercise-db@main/exercises/Seated_Bent-Over_Rear_Delt_Raise/0.jpg,https://cdn.jsdelivr.net/gh/yuhonas/free-exercise-db@main/exercises/Seated_Bent-Over_Rear_Delt_Raise/1.jpg
Seated Bent-Over Two-Arm Dumbbell Triceps Extension,Triceps,Dumbbell,"Sit down at the end of a flat bench with a dumbbell in both arms using a neutral grip (palms of the hand facing you). Bend your knees slightly and bring your torso forward, by bending at the waist, while keeping the back straight until i…",https://cdn.jsdelivr.net/gh/yuhonas/free-exercise-db@main/exercises/Seated_Bent-Over_Two-Arm_Dumbbell_Triceps_Extension/0.jpg,https://cdn.jsdelivr.net/gh/yuhonas/free-exercise-db@main/exercises/Seated_Bent-Over_Two-Arm_Dumbbell_Triceps_Extension/1.jpg
Seated Calf Stretch,Calves,None,"Sit up straight on an exercise mat. Bend one knee and put that foot on the floor to stabilize the torso. Straighten your other leg and flex your ankle. Using a band, towel, or your hand if you can reach, pull the toes toward you. Hold fo…",https://cdn.jsdelivr.net/gh/yuhonas/free-exercise-db@main/exercises/Seated_Calf_Stretch/0.jpg,https://cdn.jsdelivr.net/gh/yuhonas/free-exercise-db@main/exercises/Seated_Calf_Stretch/1.jpg
Seated Dumbbell Curl,Biceps,Dumbbell,Sit on a flat bench with a dumbbell on each hand being held at arms length. The elbows should be close to the torso. Rotate the palms of the hands so that they are facing your torso. This will be your starting position. While holding the…,https://cdn.jsdelivr.net/gh/yuhonas/free-exercise-db@main/exercises/Seated_Dumbbell_Curl/0.jpg,https://cdn.jsdelivr.net/gh/yuhonas/free-exercise-db@main/exercises/Seated_Dumbbell_Curl/1.jpg
Seated Dumbbell Inner Biceps Curl,Biceps,Dumbbell,Sit on the end of a flat bench with a dumbbell in each hand being held at arms length. The elbows should be close to the torso. Rotate the palms of the hands so that they are facing inward in a neutral position. This will be your startin…,https://cdn.jsdelivr.net/gh/yuhonas/free-exercise-db@main/exercises/Seated_Dumbbell_Inner_Biceps_Curl/0.jpg,https://cdn.jsdelivr.net/gh/yuhonas/free-exercise-db@main/exercises/Seated_Dumbbell_Inner_Biceps_Curl/1.jpg
Seated Dumbbell Palms-Down Wrist Curl,Forearms,Dumbbell,Start out by placing two dumbbells on the floor in front of a flat bench. Sit down on the edge of the flat bench with your legs at about shoulder width apart. Make sure to keep your feet on the floor. Use your arms to grab both of the du…,https://cdn.jsdelivr.net/gh/yuhonas/free-exercise-db@main/exercises/Seated_Dumbbell_Palms-Down_Wrist_Curl/0.jpg,https://cdn.jsdelivr.net/gh/yuhonas/free-exercise-db@main/exercises/Seated_Dumbbell_Palms-Down_Wrist_Curl/1.jpg
Seated Dumbbell Palms-Up Wrist Curl,Forearms,Dumbbell,Start out by placing two dumbbells on the floor in front of a flat bench. Sit down on the edge of the flat bench with your legs at about shoulder width apart. Make sure to keep your feet on the floor. Use your arms to grab both of the du…,https://cdn.jsdelivr.net/gh/yuhonas/free-exercise-db@main/exercises/Seated_Dumbbell_Palms-Up_Wrist_Curl/0.jpg,https://cdn.jsdelivr.net/gh/yuhonas/free-exercise-db@main/exercises/Seated_Dumbbell_Palms-Up_Wrist_Curl/1.jpg
Seated Dumbbell Press,Shoulders,Dumbbell,Grab a couple of dumbbells and sit on a military press bench or a utility bench that has a back support on it as you place the dumbbells upright on top of your thighs. Clean the dumbbells up one at a time by using your thighs to bring th…,https://cdn.jsdelivr.net/gh/yuhonas/free-exercise-db@main/exercises/Seated_Dumbbell_Press/0.jpg,https://cdn.jsdelivr.net/gh/yuhonas/free-exercise-db@main/exercises/Seated_Dumbbell_Press/1.jpg
Seated Flat Bench Leg Pull-In,Abdominals,Bodyweight,Sit on a bench with the legs stretched out in front of you slightly below parallel and your arms holding on to the sides of the bench. Your torso should be leaning backwards around a 45-degree angle from the bench. This will be your star…,https://cdn.jsdelivr.net/gh/yuhonas/free-exercise-db@main/exercises/Seated_Flat_Bench_Leg_Pull-In/0.jpg,https://cdn.jsdelivr.net/gh/yuhonas/free-exercise-db@main/exercises/Seated_Flat_Bench_Leg_Pull-In/1.jpg
Seated Floor Hamstring Stretch,Hamstrings,None,Sit on a mat with your right leg extended in front of you and your left leg bent with your foot against your right inner thigh. Lean forward from your hips and reach for your ankle until you feel a stretch in your hamstring. Hold for 15 …,https://cdn.jsdelivr.net/gh/yuhonas/free-exercise-db@main/exercises/Seated_Floor_Hamstring_Stretch/0.jpg,https://cdn.jsdelivr.net/gh/yuhonas/free-exercise-db@main/exercises/Seated_Floor_Hamstring_Stretch/1.jpg
Seated Hamstring and Calf Stretch,Hamstrings,Other,"Loop a belt, rope, or band around one foot. Sit down with both legs extended . This will be your starting position. Leaning forward slightly, pull on the belt to draw the toes of your foot back. Hold this position for 10-20 seconds and t…",https://cdn.jsdelivr.net/gh/yuhonas/free-exercise-db@main/exercises/Seated_Hamstring_and_Calf_Stretch/0.jpg,https://cdn.jsdelivr.net/gh/yuhonas/free-exercise-db@main/exercises/Seated_Hamstring_and_Calf_Stretch/1.jpg
Seated Head Harness Neck Resistance,Neck,Other,"Place a neck strap on the floor at the end of a flat bench. Once you have selected the weights, sit at the end of the flat bench with your feet wider than shoulder width apart from each other. Your toes should be pointed out. Slowly move…",https://cdn.jsdelivr.net/gh/yuhonas/free-exercise-db@main/exercises/Seated_Head_Harness_Neck_Resistance/0.jpg,https://cdn.jsdelivr.net/gh/yuhonas/free-exercise-db@main/exercises/Seated_Head_Harness_Neck_Resistance/1.jpg
Seated Leg Tucks,Abdominals,Bodyweight,Sit on a bench with the legs stretched out in front of you slightly below parallel and your arms holding on to the sides of the bench. Your torso should be leaning backwards around a 45-degree angle from the bench. This will be your star…,https://cdn.jsdelivr.net/gh/yuhonas/free-exercise-db@main/exercises/Seated_Leg_Tucks/0.jpg,https://cdn.jsdelivr.net/gh/yuhonas/free-exercise-db@main/exercises/Seated_Leg_Tucks/1.jpg
Seated One-Arm Dumbbell Palms-Down Wrist Curl,Forearms,Dumbbell,"Sit on a flat bench with a dumbbell in your right hand. Place your feet flat on the floor, at a distance that is slightly wider than shoulder width apart. Lean forward and place your right forearm on top of your upper right thigh with yo…",https://cdn.jsdelivr.net/gh/yuhonas/free-exercise-db@main/exercises/Seated_One-Arm_Dumbbell_Palms-Down_Wrist_Curl/0.jpg,https://cdn.jsdelivr.net/gh/yuhonas/free-exercise-db@main/exercises/Seated_One-Arm_Dumbbell_Palms-Down_Wrist_Curl/1.jpg
Seated One-Arm Dumbbell Palms-Up Wrist Curl,Forearms,Dumbbell,"Sit on a flat bench with a dumbbell in your right hand. Place your feet flat on the floor, at a distance that is slightly wider than shoulder width apart. Lean forward and place your right forearm on top of your upper right thigh with yo…",https://cdn.jsdelivr.net/gh/yuhonas/free-exercise-db@main/exercises/Seated_One-Arm_Dumbbell_Palms-Up_Wrist_Curl/0.jpg,https://cdn.jsdelivr.net/gh/yuhonas/free-exercise-db@main/exercises/Seated_One-Arm_Dumbbell_Palms-Up_Wrist_Curl/1.jpg
Seated Overhead Stretch,Abdominals,None,Sit up straight on an exercise mat. Touch the soles of your feet together with your feet six to eight inches in front of your hips. Place one hand on the floor beside you and your other hand behind your head. Lift your elbow to the ceili…,https://cdn.jsdelivr.net/gh/yuhonas/free-exercise-db@main/exercises/Seated_Overhead_Stretch/0.jpg,https://cdn.jsdelivr.net/gh/yuhonas/free-exercise-db@main/exercises/Seated_Overhead_Stretch/1.jpg
Seated Side Lateral Raise,Shoulders,Dumbbell,Pick a couple of dumbbells and sit at the end of a flat bench with your feet firmly on the floor. Hold the dumbbells with your palms facing in and your arms straight down at your sides at arms' length. This will be your starting position…,https://cdn.jsdelivr.net/gh/yuhonas/free-exercise-db@main/exercises/Seated_Side_Lateral_Raise/0.jpg,https://cdn.jsdelivr.net/gh/yuhonas/free-exercise-db@main/exercises/Seated_Side_Lateral_Raise/1.jpg
Seated Triceps Press,Triceps,Dumbbell,Sit down on a bench with back support and grasp a dumbbell with both hands and hold it overhead at arm's length. Tip: a better way is to have somebody hand it to you especially if it is very heavy. The resistance should be resting in the…,https://cdn.jsdelivr.net/gh/yuhonas/free-exercise-db@main/exercises/Seated_Triceps_Press/0.jpg,https://cdn.jsdelivr.net/gh/yuhonas/free-exercise-db@main/exercises/Seated_Triceps_Press/1.jpg
See-Saw Press (Alternating Side Press),Shoulders,Dumbbell,Grab a dumbbell with each hand and stand up erect. Clean (lift) the dumbbells to the chest/shoulder level and then rotate your wrists so that your palms are facing towards you as if you were getting ready to perform an Arnold Press. This…,https://cdn.jsdelivr.net/gh/yuhonas/free-exercise-db@main/exercises/See-Saw_Press_Alternating_Side_Press/0.jpg,https://cdn.jsdelivr.net/gh/yuhonas/free-exercise-db@main/exercises/See-Saw_Press_Alternating_Side_Press/1.jpg
Shoulder Circles,Shoulders,None,"With shoulders relaxed and arms resting loosely at your sides (or in your lap if you're seated), gently roll your shoulders forward, up, back, and down. Reverse direction. You can do this exercise alternating shoulders or both at the sam…",https://cdn.jsdelivr.net/gh/yuhonas/free-exercise-db@main/exercises/Shoulder_Circles/0.jpg,https://cdn.jsdelivr.net/gh/yuhonas/free-exercise-db@main/exercises/Shoulder_Circles/1.jpg
Shoulder Press - With Bands,Shoulders,Bands,"To begin, stand on an exercise band so that tension begins at arm's length. Grasp the handles and lift them so that the hands are at shoulder height at each side. Rotate the wrists so that the palms of your hands are facing forward. Your…",https://cdn.jsdelivr.net/gh/yuhonas/free-exercise-db@main/exercises/Shoulder_Press_-_With_Bands/0.jpg,https://cdn.jsdelivr.net/gh/yuhonas/free-exercise-db@main/exercises/Shoulder_Press_-_With_Bands/1.jpg
Shoulder Raise,Shoulders,None,"Relax your arms to your sides and raise your shoulders up toward your ears, then back down.",https://cdn.jsdelivr.net/gh/yuhonas/free-exercise-db@main/exercises/Shoulder_Raise/0.jpg,https://cdn.jsdelivr.net/gh/yuhonas/free-exercise-db@main/exercises/Shoulder_Raise/1.jpg
Shoulder Stretch,Shoulders,None,Reach your left arm across your body and hold it straight.,https://cdn.jsdelivr.net/gh/yuhonas/free-exercise-db@main/exercises/Shoulder_Stretch/0.jpg,https://cdn.jsdelivr.net/gh/yuhonas/free-exercise-db@main/exercises/Shoulder_Stretch/1.jpg
Side-Lying Floor Stretch,Lats,None,"First lie on your left side, bending your left knee in front of you to stabilize your torso (use your abdominal muscles as well to hold you upright). Straighten your right leg and rest the right foot on the floor behind your left. Straig…",https://cdn.jsdelivr.net/gh/yuhonas/free-exercise-db@main/exercises/Side-Lying_Floor_Stretch/0.jpg,https://cdn.jsdelivr.net/gh/yuhonas/free-exercise-db@main/exercises/Side-Lying_Floor_Stretch/1.jpg
Side Bridge,Abdominals,Bodyweight,,https://cdn.jsdelivr.net/gh/yuhonas/free-exercise-db@main/exercises/Side_Bridge/0.jpg,https://cdn.jsdelivr.net/gh/yuhonas/free-exercise-db@main/exercises/Side_Bridge/1.jpg
Side Hop-Sprint,Quadriceps,Other,"Stand to the side of a cone or hurdle. Begin this drill by hopping sideways over the obstacle, rebounding out of your landing to hop back to where you started. Hop for a prescribed number or repetitions as quickly as possible, and finish…",https://cdn.jsdelivr.net/gh/yuhonas/free-exercise-db@main/exercises/Side_Hop-Sprint/0.jpg,https://cdn.jsdelivr.net/gh/yuhonas/free-exercise-db@main/exercises/Side_Hop-Sprint/1.jpg
Side Jackknife,Abdominals,Bodyweight,,https://cdn.jsdelivr.net/gh/yuhonas/free-exercise-db@main/exercises/Side_Jackknife/0.jpg,https://cdn.jsdelivr.net/gh/yuhonas/free-exercise-db@main/exercises/Side_Jackknife/1.jpg
Side Lateral Raise,Shoulders,Dumbbell,Pick a couple of dumbbells and stand with a straight torso and the dumbbells by your side at arms length with the palms of the hand facing you. This will be your starting position. While maintaining the torso in a stationary position (no…,https://cdn.jsdelivr.net/gh/yuhonas/free-exercise-db@main/exercises/Side_Lateral_Raise/0.jpg,https://cdn.jsdelivr.net/gh/yuhonas/free-exercise-db@main/exercises/Side_Lateral_Raise/1.jpg
Side Laterals to Front Raise,Shoulders,Dumbbell,"In a standing position, hold a pair of dumbbells at your side. This will be your starting position. Keeping your elbows slightly bent, raise the weights directly in front of you to shoulder height, avoiding any swinging or cheating. At t…",https://cdn.jsdelivr.net/gh/yuhonas/free-exercise-db@main/exercises/Side_Laterals_to_Front_Raise/0.jpg,https://cdn.jsdelivr.net/gh/yuhonas/free-exercise-db@main/exercises/Side_Laterals_to_Front_Raise/1.jpg
Side Leg Raises,Adductors,Bodyweight,"Stand next to a chair, which you may hold onto as a support. Stand on one leg. This will be your starting position. Keeping your leg straight, raise it as far out to the side as possible, and swing it back down, allowing it to cross the …",https://cdn.jsdelivr.net/gh/yuhonas/free-exercise-db@main/exercises/Side_Leg_Raises/0.jpg,https://cdn.jsdelivr.net/gh/yuhonas/free-exercise-db@main/exercises/Side_Leg_Raises/1.jpg
Side Lying Groin Stretch,Adductors,None,Start off by lying on your right side and bend your right knee in front of you to stabilize the torso. Rest your head on your right hand or shoulder. Lift your left leg upward and hold it by the back of the knee (easier) or the foot (har…,https://cdn.jsdelivr.net/gh/yuhonas/free-exercise-db@main/exercises/Side_Lying_Groin_Stretch/0.jpg,https://cdn.jsdelivr.net/gh/yuhonas/free-exercise-db@main/exercises/Side_Lying_Groin_Stretch/1.jpg
Side Neck Stretch,Neck,None,"Start with your shoulders relaxed, gently tilt your head towards your shoulder. Assist stretch with a gentle pull on the side of the head.",https://cdn.jsdelivr.net/gh/yuhonas/free-exercise-db@main/exercises/Side_Neck_Stretch/0.jpg,https://cdn.jsdelivr.net/gh/yuhonas/free-exercise-db@main/exercises/Side_Neck_Stretch/1.jpg
Side Standing Long Jump,Quadriceps,None,"Begin standing with your feet hip width apart in an athletic stance. Your head and chest should be up, knees and hips slightly bent. This will be your starting position. Leaning to your right, extend through your hips, knees, and ankles …",https://cdn.jsdelivr.net/gh/yuhonas/free-exercise-db@main/exercises/Side_Standing_Long_Jump/0.jpg,https://cdn.jsdelivr.net/gh/yuhonas/free-exercise-db@main/exercises/Side_Standing_Long_Jump/1.jpg
Side To Side Chins,Lats,Other,"Grab the pull-up bar with the palms facing forward using a wide grip. As you have both arms extended in front of you holding the bar at a wide grip, bring your torso back around 30 degrees or so while creating a curvature on your lower b…",https://cdn.jsdelivr.net/gh/yuhonas/free-exercise-db@main/exercises/Side_To_Side_Chins/0.jpg,https://cdn.jsdelivr.net/gh/yuhonas/free-exercise-db@main/exercises/Side_To_Side_Chins/1.jpg
Side Wrist Pull,Shoulders,None,"This stretch works best standing. Cross your left arm over the midline of your body and hold the left wrist in your right hand down at the level of your hips. Start the stretch with a bent left arm. Slowly straighten, pull, and lift it u…",https://cdn.jsdelivr.net/gh/yuhonas/free-exercise-db@main/exercises/Side_Wrist_Pull/0.jpg,https://cdn.jsdelivr.net/gh/yuhonas/free-exercise-db@main/exercises/Side_Wrist_Pull/1.jpg
Side to Side Box Shuffle,Quadriceps,Other,"Stand to one side of the box with your left foot resting on the middle of it. To begin, jump up and over to the other side of the box, landing with your right foot on top of the box and your left foot on the floor. Swing your arms to aid…",https://cdn.jsdelivr.net/gh/yuhonas/free-exercise-db@main/exercises/Side_to_Side_Box_Shuffle/0.jpg,https://cdn.jsdelivr.net/gh/yuhonas/free-exercise-db@main/exercises/Side_to_Side_Box_Shuffle/1.jpg
Single-Arm Push-Up,Chest,Bodyweight,"Begin laying prone on the ground. Move yourself into a position supporting your weight on your toes and one arm. Your working arm should be placed directly under the shoulder, fully extended. Your legs should be extended, and for this mo…",https://cdn.jsdelivr.net/gh/yuhonas/free-exercise-db@main/exercises/Single-Arm_Push-Up/0.jpg,https://cdn.jsdelivr.net/gh/yuhonas/free-exercise-db@main/exercises/Single-Arm_Push-Up/1.jpg
Single-Cone Sprint Drill,Quadriceps,Other,"This drill teaches quick foot action. You need a single cone. Begin standing next to the cone with one arm back and one arm forward. Chop the feet as quickly as possible, blocking with the arms. Circle the cone, keep your knees up, with …",https://cdn.jsdelivr.net/gh/yuhonas/free-exercise-db@main/exercises/Single-Cone_Sprint_Drill/0.jpg,https://cdn.jsdelivr.net/gh/yuhonas/free-exercise-db@main/exercises/Single-Cone_Sprint_Drill/1.jpg
Single-Leg High Box Squat,Quadriceps,Other,"Position a box in a rack. Secure a band or rope in place above the box. Standing in front of it, step onto the box to a full standing position, letting your other leg remain unsupported. Hold onto the band for balance . Continue stepping…",https://cdn.jsdelivr.net/gh/yuhonas/free-exercise-db@main/exercises/Single-Leg_High_Box_Squat/0.jpg,https://cdn.jsdelivr.net/gh/yuhonas/free-exercise-db@main/exercises/Single-Leg_High_Box_Squat/1.jpg
Single-Leg Hop Progression,Quadriceps,Other,"Arrange a line of cones in front of you. Assume a relaxed standing position, balanced on one leg. Raise the knee of your opposite leg. This will be your starting position. Hop forward, jumping and landing with the same leg over the cone.…",https://cdn.jsdelivr.net/gh/yuhonas/free-exercise-db@main/exercises/Single-Leg_Hop_Progression/0.jpg,https://cdn.jsdelivr.net/gh/yuhonas/free-exercise-db@main/exercises/Single-Leg_Hop_Progression/1.jpg
Single-Leg Lateral Hop,Quadriceps,Other,"Stand to the side of a cone or hurdle. To get into the start position, stand on one leg with your knee slightly bent. To begin, execute a counterjump to hop sideways over the cone. Land on your jumping leg, and immediately rebound out of…",https://cdn.jsdelivr.net/gh/yuhonas/free-exercise-db@main/exercises/Single-Leg_Lateral_Hop/0.jpg,https://cdn.jsdelivr.net/gh/yuhonas/free-exercise-db@main/exercises/Single-Leg_Lateral_Hop/1.jpg
Single-Leg Stride Jump,Quadriceps,Other,"Stand to the side of a box with your inside foot on top of it, close to the edge. Begin by swinging the arms upward as you push through the top leg, jumping upward as high as possible. Attempt to drive the opposite knee upward. Land in t…",https://cdn.jsdelivr.net/gh/yuhonas/free-exercise-db@main/exercises/Single-Leg_Stride_Jump/0.jpg,https://cdn.jsdelivr.net/gh/yuhonas/free-exercise-db@main/exercises/Single-Leg_Stride_Jump/1.jpg
Single Dumbbell Raise,Shoulders,Dumbbell,"With a wide stance, hold a dumbell with both hands, grasping the head of the dumbbell instead of the handle. Your arms should be extended and hanging at the waist. This will be your starting position. Raise the weight until it is above s…",https://cdn.jsdelivr.net/gh/yuhonas/free-exercise-db@main/exercises/Single_Dumbbell_Raise/0.jpg,https://cdn.jsdelivr.net/gh/yuhonas/free-exercise-db@main/exercises/Single_Dumbbell_Raise/1.jpg
Single Leg Butt Kick,Quadriceps,Bodyweight,"Begin by standing on one leg, with the bent knee raised. This will be your start position. Using a countermovement jump, take off upward by extending the hip, knee, and ankle of the grounded leg. Immediately flex the knee and attempt to …",https://cdn.jsdelivr.net/gh/yuhonas/free-exercise-db@main/exercises/Single_Leg_Butt_Kick/0.jpg,https://cdn.jsdelivr.net/gh/yuhonas/free-exercise-db@main/exercises/Single_Leg_Butt_Kick/1.jpg
Single Leg Glute Bridge,Glutes,Bodyweight,"Lay on the floor with your feet flat and knees bent. Raise one leg off of the ground, pulling the knee to your chest. This will be your starting position. Execute the movement by driving through the heel, extending your hip upward and ra…",https://cdn.jsdelivr.net/gh/yuhonas/free-exercise-db@main/exercises/Single_Leg_Glute_Bridge/0.jpg,https://cdn.jsdelivr.net/gh/yuhonas/free-exercise-db@main/exercises/Single_Leg_Glute_Bridge/1.jpg
Single Leg Push-off,Quadriceps,Other,"Stand on the ground with one foot resting on the box, heel close to the edge. Push off with your foot on top of the box, trying to gain as much height as possible by extending through the hip and knee. Land with the same foot on top of t…",https://cdn.jsdelivr.net/gh/yuhonas/free-exercise-db@main/exercises/Single_Leg_Push-off/0.jpg,https://cdn.jsdelivr.net/gh/yuhonas/free-exercise-db@main/exercises/Single_Leg_Push-off/1.jpg
Sit-Up,Abdominals,Bodyweight,Lie down on the floor placing your feet either under something that will not move or by having a partner hold them. Your legs should be bent at the knees. Place your hands behind your head and lock them together by clasping your fingers.…,https://cdn.jsdelivr.net/gh/yuhonas/free-exercise-db@main/exercises/Sit-Up/0.jpg,https://cdn.jsdelivr.net/gh/yuhonas/free-exercise-db@main/exercises/Sit-Up/1.jpg
Sit Squats,Quadriceps,None,"Stand with your feet shoulder width apart. This will be your starting position. Begin the movement by flexing your knees and hips, sitting back with your hips. Continue until you have squatted a portion of the way down, but are above par…",https://cdn.jsdelivr.net/gh/yuhonas/free-exercise-db@main/exercises/Sit_Squats/0.jpg,https://cdn.jsdelivr.net/gh/yuhonas/free-exercise-db@main/exercises/Sit_Squats/1.jpg
Skating,Quadriceps,Other,Roller skating is a fun activity which can be effective in improving cardiorespiratory fitness and muscular endurance. It requires relatively good balance and coordination. It is necessary to learn the basics of skating including turning…,https://cdn.jsdelivr.net/gh/yuhonas/free-exercise-db@main/exercises/Skating/0.jpg,https://cdn.jsdelivr.net/gh/yuhonas/free-exercise-db@main/exercises/Skating/1.jpg
Sled Overhead Backward Walk,Shoulders,Other,"Attach dual handles to a sled connected by a rope or chain. Load the sled to a light weight. Face the sled, backing up until there is some tension in the line. Hold your hands directly above your head with your elbows extended. This will…",https://cdn.jsdelivr.net/gh/yuhonas/free-exercise-db@main/exercises/Sled_Overhead_Backward_Walk/0.jpg,https://cdn.jsdelivr.net/gh/yuhonas/free-exercise-db@main/exercises/Sled_Overhead_Backward_Walk/1.jpg
Sled Overhead Triceps Extension,Triceps,Other,"Attach dual handles to a sled using a chain or rope. Load the sled to an appropriate load. Facing away from the sled, step away until there is tension in the line. Raise your hands above your head, keeping them together, palms facing eac…",https://cdn.jsdelivr.net/gh/yuhonas/free-exercise-db@main/exercises/Sled_Overhead_Triceps_Extension/0.jpg,https://cdn.jsdelivr.net/gh/yuhonas/free-exercise-db@main/exercises/Sled_Overhead_Triceps_Extension/1.jpg
Sled Reverse Flye,Shoulders,Other,"Attach dual handles to a sled connected by a rope or chain. Load the sled to a light weight. Face the sled, backing up until there is some tension in the line. Take both handles at arms length at about waist level. Bend the knees slightl…",https://cdn.jsdelivr.net/gh/yuhonas/free-exercise-db@main/exercises/Sled_Reverse_Flye/0.jpg,https://cdn.jsdelivr.net/gh/yuhonas/free-exercise-db@main/exercises/Sled_Reverse_Flye/1.jpg
Sled Row,Middle back,Other,"Attach dual handles to a sled connected by a rope or chain. Load the sled to an appropriate weight. Face the sled, backing up until there is some tension in the line. With a handle in each hand, bend the knees slightly, keep your head an…",https://cdn.jsdelivr.net/gh/yuhonas/free-exercise-db@main/exercises/Sled_Row/0.jpg,https://cdn.jsdelivr.net/gh/yuhonas/free-exercise-db@main/exercises/Sled_Row/1.jpg
Sledgehammer Swings,Abdominals,Other,"You will need a tire and a sledgehammer for this exercise. Stand in front of the tire about two feet away from it with a staggered stance. Grip the sledgehammer. If you are right handed, your left hand should be at the bottom of the hand…",https://cdn.jsdelivr.net/gh/yuhonas/free-exercise-db@main/exercises/Sledgehammer_Swings/0.jpg,https://cdn.jsdelivr.net/gh/yuhonas/free-exercise-db@main/exercises/Sledgehammer_Swings/1.jpg
Speed Band Overhead Triceps,Triceps,Bands,"For this exercise anchor a band to the ground. We used an incline bench and anchored the band to the base, standing over the bench. Alternatively, this could be performed standing on the band. To begin, pull the band behind your head, ho…",https://cdn.jsdelivr.net/gh/yuhonas/free-exercise-db@main/exercises/Speed_Band_Overhead_Triceps/0.jpg,https://cdn.jsdelivr.net/gh/yuhonas/free-exercise-db@main/exercises/Speed_Band_Overhead_Triceps/1.jpg
Spell Caster,Abdominals,Dumbbell,"Hold a dumbbell in each hand with a pronated grip. Your feet should be wide with your hips and knees extended. This will be your starting position. Begin the movement by pulling both of the dumbbells to one side next to your hip, rotatin…",https://cdn.jsdelivr.net/gh/yuhonas/free-exercise-db@main/exercises/Spell_Caster/0.jpg,https://cdn.jsdelivr.net/gh/yuhonas/free-exercise-db@main/exercises/Spell_Caster/1.jpg
Spider Crawl,Abdominals,Bodyweight,"Begin in a prone position on the floor. Support your weight on your hands and toes, with your feet together and your body straight. Your arms should be bent to 90 degrees. This will be your starting position. Initiate the movement by rai…",https://cdn.jsdelivr.net/gh/yuhonas/free-exercise-db@main/exercises/Spider_Crawl/0.jpg,https://cdn.jsdelivr.net/gh/yuhonas/free-exercise-db@main/exercises/Spider_Crawl/1.jpg
Spinal Stretch,Middle back,None,"Sit in a chair so your back is straight and your feet planted on the floor. Interlace your fingers behind your head, elbows out and your chin down. Twist your upper body to one side about 3 times as far as you can. Then lean forward and …",https://cdn.jsdelivr.net/gh/yuhonas/free-exercise-db@main/exercises/Spinal_Stretch/0.jpg,https://cdn.jsdelivr.net/gh/yuhonas/free-exercise-db@main/exercises/Spinal_Stretch/1.jpg
Split Jump,Quadriceps,Bodyweight,"Assume a lunge stance position with one foot forward with the knee bent, and the rear knee nearly touching the ground. Ensure that the front knee is over the midline of the foot. Extending through both legs, jump as high as possible, swi…",https://cdn.jsdelivr.net/gh/yuhonas/free-exercise-db@main/exercises/Split_Jump/0.jpg,https://cdn.jsdelivr.net/gh/yuhonas/free-exercise-db@main/exercises/Split_Jump/1.jpg
Split Squat with Dumbbells,Quadriceps,Dumbbell,"Position yourself into a staggered stance with the rear foot elevated and front foot forward. Hold a dumbbell in each hand, letting them hang at the sides. This will be your starting position. Begin by descending, flexing your knee and h…",https://cdn.jsdelivr.net/gh/yuhonas/free-exercise-db@main/exercises/Split_Squat_with_Dumbbells/0.jpg,https://cdn.jsdelivr.net/gh/yuhonas/free-exercise-db@main/exercises/Split_Squat_with_Dumbbells/1.jpg
Split Squats,Hamstrings,None,"Being in a standing position. Jump into a split leg position, with one leg forward and one leg back, flexing the knees and lowering your hips slightly as you do so. As you descend, immediately reverse direction, standing back up and jump…",https://cdn.jsdelivr.net/gh/yuhonas/free-exercise-db@main/exercises/Split_Squats/0.jpg,https://cdn.jsdelivr.net/gh/yuhonas/free-exercise-db@main/exercises/Split_Squats/1.jpg
Squats - With Bands,Quadriceps,Bands,"To start out, make sure that the exercise band is at an even split between both the left and right side of the body. To do this, use your hands to grab both sides of the band and place both feet in the middle of the band. Your feet shoul…",https://cdn.jsdelivr.net/gh/yuhonas/free-exercise-db@main/exercises/Squats_-_With_Bands/0.jpg,https://cdn.jsdelivr.net/gh/yuhonas/free-exercise-db@main/exercises/Squats_-_With_Bands/1.jpg
Standing Alternating Dumbbell Press,Shoulders,Dumbbell,"Stand with a dumbbell in each hand. Raise the dumbbells to your shoulders with your palms facing forward and your elbows pointed out. This will be your starting position. Extend one arm to press the dumbbell straight up, keeping your off…",https://cdn.jsdelivr.net/gh/yuhonas/free-exercise-db@main/exercises/Standing_Alternating_Dumbbell_Press/0.jpg,https://cdn.jsdelivr.net/gh/yuhonas/free-exercise-db@main/exercises/Standing_Alternating_Dumbbell_Press/1.jpg
Standing Bent-Over One-Arm Dumbbell Triceps Extension,Triceps,Dumbbell,"With a dumbbell in one hand and the palm facing your torso, bend your knees slightly and bring your torso forward, by bending at the waist, while keeping the back straight until it is almost parallel to the floor. Make sure that you keep…",https://cdn.jsdelivr.net/gh/yuhonas/free-exercise-db@main/exercises/Standing_Bent-Over_One-Arm_Dumbbell_Triceps_Extension/0.jpg,https://cdn.jsdelivr.net/gh/yuhonas/free-exercise-db@main/exercises/Standing_Bent-Over_One-Arm_Dumbbell_Triceps_Extension/1.jpg
Standing Bent-Over Two-Arm Dumbbell Triceps Extension,Triceps,Dumbbell,"With a dumbbell in each hand and the palms facing your torso, bend your knees slightly and bring your torso forward, by bending at the waist, while keeping the back straight until it is almost parallel to the floor. Make sure that you ke…",https://cdn.jsdelivr.net/gh/yuhonas/free-exercise-db@main/exercises/Standing_Bent-Over_Two-Arm_Dumbbell_Triceps_Extension/0.jpg,https://cdn.jsdelivr.net/gh/yuhonas/free-exercise-db@main/exercises/Standing_Bent-Over_Two-Arm_Dumbbell_Triceps_Extension/1.jpg
Standing Biceps Stretch,Biceps,Other,"Clasp your hands behind your back with your palms together, straighten arms and then rotate them so your palms face downward. Raise your arms up and hold until you feel a stretch in your biceps.",https://cdn.jsdelivr.net/gh/yuhonas/free-exercise-db@main/exercises/Standing_Biceps_Stretch/0.jpg,https://cdn.jsdelivr.net/gh/yuhonas/free-exercise-db@main/exercises/Standing_Biceps_Stretch/1.jpg
Standing Concentration Curl,Biceps,Dumbbell,"Taking a dumbbell in your working hand, lean forward. Allow your working arm to hang perpendicular to the ground with the elbow pointing out. This will be your starting position. Flex the elbow to curl the weight, keeping the upper arm s…",https://cdn.jsdelivr.net/gh/yuhonas/free-exercise-db@main/exercises/Standing_Concentration_Curl/0.jpg,https://cdn.jsdelivr.net/gh/yuhonas/free-exercise-db@main/exercises/Standing_Concentration_Curl/1.jpg
Standing Dumbbell Calf Raise,Calves,Dumbbell,Stand with your torso upright holding two dumbbells in your hands by your sides. Place the ball of the foot on a sturdy and stable wooden board (that is around 2-3 inches tall) while your heels extend off and touch the floor. This will b…,https://cdn.jsdelivr.net/gh/yuhonas/free-exercise-db@main/exercises/Standing_Dumbbell_Calf_Raise/0.jpg,https://cdn.jsdelivr.net/gh/yuhonas/free-exercise-db@main/exercises/Standing_Dumbbell_Calf_Raise/1.jpg
Standing Dumbbell Press,Shoulders,Dumbbell,"Standing with your feet shoulder width apart, take a dumbbell in each hand. Raise the dumbbells to head height, the elbows out and about 90 degrees. This will be your starting position. Maintaining strict technique with no leg drive or l…",https://cdn.jsdelivr.net/gh/yuhonas/free-exercise-db@main/exercises/Standing_Dumbbell_Press/0.jpg,https://cdn.jsdelivr.net/gh/yuhonas/free-exercise-db@main/exercises/Standing_Dumbbell_Press/1.jpg
Standing Dumbbell Reverse Curl,Biceps,Dumbbell,"To begin, stand straight with a dumbbell in each hand using a pronated grip (palms facing down). Your arms should be fully extended while your feet are shoulder width apart from each other. This is the starting position. While holding th…",https://cdn.jsdelivr.net/gh/yuhonas/free-exercise-db@main/exercises/Standing_Dumbbell_Reverse_Curl/0.jpg,https://cdn.jsdelivr.net/gh/yuhonas/free-exercise-db@main/exercises/Standing_Dumbbell_Reverse_Curl/1.jpg
Standing Dumbbell Straight-Arm Front Delt Raise Above Head,Shoulders,Dumbbell,"Hold the dumbbells in front of your thighs, palms facing your thighs. Keep your arms straight with a slight bend at the elbows but keep them locked. This will be your starting position. Raise the dumbbells in a semicircular motion to arm…",https://cdn.jsdelivr.net/gh/yuhonas/free-exercise-db@main/exercises/Standing_Dumbbell_Straight-Arm_Front_Delt_Raise_Above_Head/0.jpg,https://cdn.jsdelivr.net/gh/yuhonas/free-exercise-db@main/exercises/Standing_Dumbbell_Straight-Arm_Front_Delt_Raise_Above_Head/1.jpg
Standing Dumbbell Triceps Extension,Triceps,Dumbbell,"To begin, stand up with a dumbbell held by both hands. Your feet should be about shoulder width apart from each other. Slowly use both hands to grab the dumbbell and lift it over your head until both arms are fully extended. The resistan…",https://cdn.jsdelivr.net/gh/yuhonas/free-exercise-db@main/exercises/Standing_Dumbbell_Triceps_Extension/0.jpg,https://cdn.jsdelivr.net/gh/yuhonas/free-exercise-db@main/exercises/Standing_Dumbbell_Triceps_Extension/1.jpg
Standing Dumbbell Upright Row,Traps,Dumbbell,Grasp a dumbbell in each hand with a pronated (palms forward) grip that is slightly less than shoulder width. The dumbbells should be resting on top of your thighs. Your arms should be extended with a slight bend at the elbows and your b…,https://cdn.jsdelivr.net/gh/yuhonas/free-exercise-db@main/exercises/Standing_Dumbbell_Upright_Row/0.jpg,https://cdn.jsdelivr.net/gh/yuhonas/free-exercise-db@main/exercises/Standing_Dumbbell_Upright_Row/1.jpg
Standing Elevated Quad Stretch,Quadriceps,Other,"Start by standing with your back about two to three feet away from a bench or step. Lift one leg behind you and rest your foot on the step,either on your instep or the ball of your foot, whichever you find most comfortable. Keep your sup…",https://cdn.jsdelivr.net/gh/yuhonas/free-exercise-db@main/exercises/Standing_Elevated_Quad_Stretch/0.jpg,https://cdn.jsdelivr.net/gh/yuhonas/free-exercise-db@main/exercises/Standing_Elevated_Quad_Stretch/1.jpg
Standing Gastrocnemius Calf Stretch,Calves,None,Place your right heel on a step with your knee extended and lean forward to grab your right toe with your right hand. Your left knee should be slightly bent and your back should be straight. Support your weight on your left leg and place…,https://cdn.jsdelivr.net/gh/yuhonas/free-exercise-db@main/exercises/Standing_Gastrocnemius_Calf_Stretch/0.jpg,https://cdn.jsdelivr.net/gh/yuhonas/free-exercise-db@main/exercises/Standing_Gastrocnemius_Calf_Stretch/1.jpg
Standing Hamstring and Calf Stretch,Hamstrings,Other,"Being by looping a belt, band, or rope around one foot. While standing, place that foot forward. Bend your back leg, while keeping the front one straight. Now raise the toes of your front foot off of the ground and lean forward. Using th…",https://cdn.jsdelivr.net/gh/yuhonas/free-exercise-db@main/exercises/Standing_Hamstring_and_Calf_Stretch/0.jpg,https://cdn.jsdelivr.net/gh/yuhonas/free-exercise-db@main/exercises/Standing_Hamstring_and_Calf_Stretch/1.jpg
Standing Hip Circles,Abductors,Bodyweight,"Begin standing on one leg, holding to a vertical support. Raise the unsupported knee to 90 degrees. This will be your starting position. Open the hip as far as possible, attempting to make a big circle with your knee. Perform this moveme…",https://cdn.jsdelivr.net/gh/yuhonas/free-exercise-db@main/exercises/Standing_Hip_Circles/0.jpg,https://cdn.jsdelivr.net/gh/yuhonas/free-exercise-db@main/exercises/Standing_Hip_Circles/1.jpg
Standing Hip Flexors,Quadriceps,None,"Stand up straight with the spine vertical, the left foot slightly in front of the right. Bend both knees and lift the back heel off the floor as you press the right hip forward. You can't get a thorough, deep stretch in this position, ho…",https://cdn.jsdelivr.net/gh/yuhonas/free-exercise-db@main/exercises/Standing_Hip_Flexors/0.jpg,https://cdn.jsdelivr.net/gh/yuhonas/free-exercise-db@main/exercises/Standing_Hip_Flexors/1.jpg
Standing Inner-Biceps Curl,Biceps,Dumbbell,Stand up with a dumbbell in each hand being held at arms length. The elbows should be close to the torso. Your legs should be at about shoulder's width apart from each other. Rotate the palms of the hands so that they are facing inward i…,https://cdn.jsdelivr.net/gh/yuhonas/free-exercise-db@main/exercises/Standing_Inner-Biceps_Curl/0.jpg,https://cdn.jsdelivr.net/gh/yuhonas/free-exercise-db@main/exercises/Standing_Inner-Biceps_Curl/1.jpg
Standing Lateral Stretch,Abdominals,None,Take a slightly wider than hip distance stance with your knees slightly bent. Place your right hand on your right hip to support the spine. Raise your left arm in a vertical line and place your left hand behind your head. Keep it there a…,https://cdn.jsdelivr.net/gh/yuhonas/free-exercise-db@main/exercises/Standing_Lateral_Stretch/0.jpg,https://cdn.jsdelivr.net/gh/yuhonas/free-exercise-db@main/exercises/Standing_Lateral_Stretch/1.jpg
Standing Long Jump,Quadriceps,Bodyweight,"This drill is best done in sand or other soft landing surface. Ensure that you are able to measure distance. Stand in a partial squat stance with feet shoulder width apart. Utilizing a big arm swing and a countermovement of the legs, jum…",https://cdn.jsdelivr.net/gh/yuhonas/free-exercise-db@main/exercises/Standing_Long_Jump/0.jpg,https://cdn.jsdelivr.net/gh/yuhonas/free-exercise-db@main/exercises/Standing_Long_Jump/1.jpg
Standing Olympic Plate Hand Squeeze,Forearms,Other,"To begin, stand straight while holding a weight plate by the ridge at arm's length in each hand using a neutral grip (palms facing in). You feet should be shoulder width apart from each other. This will be your starting position. Lower t…",https://cdn.jsdelivr.net/gh/yuhonas/free-exercise-db@main/exercises/Standing_Olympic_Plate_Hand_Squeeze/0.jpg,https://cdn.jsdelivr.net/gh/yuhonas/free-exercise-db@main/exercises/Standing_Olympic_Plate_Hand_Squeeze/1.jpg
Standing One-Arm Dumbbell Curl Over Incline Bench,Biceps,Dumbbell,Stand on the back side of an incline bench as if you were going to be a spotter for someone. Have a dumbbell in one hand and rest it across the incline bench with a supinated (palms up) grip. Position your non lifting hand at the corner …,https://cdn.jsdelivr.net/gh/yuhonas/free-exercise-db@main/exercises/Standing_One-Arm_Dumbbell_Curl_Over_Incline_Bench/0.jpg,https://cdn.jsdelivr.net/gh/yuhonas/free-exercise-db@main/exercises/Standing_One-Arm_Dumbbell_Curl_Over_Incline_Bench/1.jpg
Standing One-Arm Dumbbell Triceps Extension,Triceps,Dumbbell,"To begin, stand up with a dumbbell held in one hand. Your feet should be about shoulder width apart from each other. Now fully extend the arm with the dumbbell over your head. Tip: The small finger of your hand should be facing the ceili…",https://cdn.jsdelivr.net/gh/yuhonas/free-exercise-db@main/exercises/Standing_One-Arm_Dumbbell_Triceps_Extension/0.jpg,https://cdn.jsdelivr.net/gh/yuhonas/free-exercise-db@main/exercises/Standing_One-Arm_Dumbbell_Triceps_Extension/1.jpg
Standing Palm-In One-Arm Dumbbell Press,Shoulders,Dumbbell,Start by having a dumbbell in one hand with your arm fully extended to the side using a neutral grip. Use your other arm to hold on to an incline bench to keep your balance. Your feet should be shoulder width apart from each other. Now s…,https://cdn.jsdelivr.net/gh/yuhonas/free-exercise-db@main/exercises/Standing_Palm-In_One-Arm_Dumbbell_Press/0.jpg,https://cdn.jsdelivr.net/gh/yuhonas/free-exercise-db@main/exercises/Standing_Palm-In_One-Arm_Dumbbell_Press/1.jpg
Standing Palms-In Dumbbell Press,Shoulders,Dumbbell,Start by having a dumbbell in each hand with your arm fully extended to the side using a neutral grip. Your feet should be shoulder width apart from each other. Now slowly lift the dumbbells up until you create a 90 degree angle with you…,https://cdn.jsdelivr.net/gh/yuhonas/free-exercise-db@main/exercises/Standing_Palms-In_Dumbbell_Press/0.jpg,https://cdn.jsdelivr.net/gh/yuhonas/free-exercise-db@main/exercises/Standing_Palms-In_Dumbbell_Press/1.jpg
Standing Pelvic Tilt,Lower back,None,Start off with your feet hip-distance apart. Bend your knees slightly to keep them soft and springy. You may want to move your pelvis forward and backward and back few times before holding the tailbone forward in this stretch.,https://cdn.jsdelivr.net/gh/yuhonas/free-exercise-db@main/exercises/Standing_Pelvic_Tilt/0.jpg,https://cdn.jsdelivr.net/gh/yuhonas/free-exercise-db@main/exercises/Standing_Pelvic_Tilt/1.jpg
Standing Soleus And Achilles Stretch,Calves,None,"Stand with your feet hip-distance apart, one foot slightly in front of the other. Bend both knees, keeping your back heel on the floor. Switch sides.",https://cdn.jsdelivr.net/gh/yuhonas/free-exercise-db@main/exercises/Standing_Soleus_And_Achilles_Stretch/0.jpg,https://cdn.jsdelivr.net/gh/yuhonas/free-exercise-db@main/exercises/Standing_Soleus_And_Achilles_Stretch/1.jpg
Standing Toe Touches,Hamstrings,None,"Stand with some space in front and behind you. Bend at the waist, keeping your legs straight, until you can relax and let your upper body hang down in front of you. Let your arms and hands hang down naturally. Hold for 10 to 20 seconds.",https://cdn.jsdelivr.net/gh/yuhonas/free-exercise-db@main/exercises/Standing_Toe_Touches/0.jpg,https://cdn.jsdelivr.net/gh/yuhonas/free-exercise-db@main/exercises/Standing_Toe_Touches/1.jpg
Standing Towel Triceps Extension,Triceps,Bodyweight,"To begin, stand up with both arms fully extended above the head holding one end of a towel with both hands. Your elbows should be in and the arms perpendicular to the floor with the palms facing each other while your feet should be shoul…",https://cdn.jsdelivr.net/gh/yuhonas/free-exercise-db@main/exercises/Standing_Towel_Triceps_Extension/0.jpg,https://cdn.jsdelivr.net/gh/yuhonas/free-exercise-db@main/exercises/Standing_Towel_Triceps_Extension/1.jpg
Standing Two-Arm Overhead Throw,Shoulders,Medicine ball,"Stand with your feet shoulder width apart holding a medicine ball in both hands. To begin, reach the medicine ball deep behind your head as you bend the knees slightly and lean back. Violently throw the ball forward, flexing at the hip a…",https://cdn.jsdelivr.net/gh/yuhonas/free-exercise-db@main/exercises/Standing_Two-Arm_Overhead_Throw/0.jpg,https://cdn.jsdelivr.net/gh/yuhonas/free-exercise-db@main/exercises/Standing_Two-Arm_Overhead_Throw/1.jpg
Star Jump,Quadriceps,Bodyweight,"Begin in a relaxed stance with your feet shoulder width apart and hold your arms close to the body. To initiate the move, squat down halfway and explode back up as high as possible. Fully extend your entire body, spreading your legs and …",https://cdn.jsdelivr.net/gh/yuhonas/free-exercise-db@main/exercises/Star_Jump/0.jpg,https://cdn.jsdelivr.net/gh/yuhonas/free-exercise-db@main/exercises/Star_Jump/1.jpg
Step-up with Knee Raise,Glutes,Bodyweight,"Stand facing a box or bench of an appropriate height with your feet together. This will be your starting position. Begin the movement by stepping up, putting your left foot on the top of the bench. Extend through the hip and knee of your…",https://cdn.jsdelivr.net/gh/yuhonas/free-exercise-db@main/exercises/Step-up_with_Knee_Raise/0.jpg,https://cdn.jsdelivr.net/gh/yuhonas/free-exercise-db@main/exercises/Step-up_with_Knee_Raise/1.jpg
Stiff-Legged Dumbbell Deadlift,Hamstrings,Dumbbell,Grasp a couple of dumbbells holding them by your side at arm's length. Stand with your torso straight and your legs spaced using a shoulder width or narrower stance. The knees should be slightly bent. This is your starting position. Keep…,https://cdn.jsdelivr.net/gh/yuhonas/free-exercise-db@main/exercises/Stiff-Legged_Dumbbell_Deadlift/0.jpg,https://cdn.jsdelivr.net/gh/yuhonas/free-exercise-db@main/exercises/Stiff-Legged_Dumbbell_Deadlift/1.jpg
Stomach Vacuum,Abdominals,Bodyweight,"To begin, stand straight with your feet shoulder width apart from each other. Place your hands on your hips. This is the starting position. Now slowly inhale as much air as possible and then start to exhale as much as possible while brin…",https://cdn.jsdelivr.net/gh/yuhonas/free-exercise-db@main/exercises/Stomach_Vacuum/0.jpg,https://cdn.jsdelivr.net/gh/yuhonas/free-exercise-db@main/exercises/Stomach_Vacuum/1.jpg
Straight-Arm Dumbbell Pullover,Chest,Dumbbell,"Place a dumbbell standing up on a flat bench. Ensuring that the dumbbell stays securely placed at the top of the bench, lie perpendicular to the bench (torso across it as in forming a cross) with only your shoulders lying on the surface.…",https://cdn.jsdelivr.net/gh/yuhonas/free-exercise-db@main/exercises/Straight-Arm_Dumbbell_Pullover/0.jpg,https://cdn.jsdelivr.net/gh/yuhonas/free-exercise-db@main/exercises/Straight-Arm_Dumbbell_Pullover/1.jpg
Stride Jump Crossover,Quadriceps,Other,"Stand to the side of a box with your inside foot on top of it, close to the edge. Begin by swinging the arms upward as you push through the top leg, jumping upward as high as possible. Attempt to drive the opposite knee upward. Land in t…",https://cdn.jsdelivr.net/gh/yuhonas/free-exercise-db@main/exercises/Stride_Jump_Crossover/0.jpg,https://cdn.jsdelivr.net/gh/yuhonas/free-exercise-db@main/exercises/Stride_Jump_Crossover/1.jpg
Superman,Lower back,Bodyweight,"To begin, lie straight and face down on the floor or exercise mat. Your arms should be fully extended in front of you. This is the starting position. Simultaneously raise your arms, legs, and chest off of the floor and hold this contract…",https://cdn.jsdelivr.net/gh/yuhonas/free-exercise-db@main/exercises/Superman/0.jpg,https://cdn.jsdelivr.net/gh/yuhonas/free-exercise-db@main/exercises/Superman/1.jpg
Supine Chest Throw,Triceps,Medicine ball,"This drill is great for chest passes when you lack a partner or a wall of sufficient strength. Lay on the ground on your back with your knees bent. Begin with the ball on your chest, held with both hands on the bottom. Explode up, extend…",https://cdn.jsdelivr.net/gh/yuhonas/free-exercise-db@main/exercises/Supine_Chest_Throw/0.jpg,https://cdn.jsdelivr.net/gh/yuhonas/free-exercise-db@main/exercises/Supine_Chest_Throw/1.jpg
Supine One-Arm Overhead Throw,Abdominals,Medicine ball,"Lay on the ground on your back with your knees bent. Hold the ball with one hand, extending the arm fully behind your head. This will be your starting position. Initiate the movement at the shoulder, throwing the ball directly forward of…",https://cdn.jsdelivr.net/gh/yuhonas/free-exercise-db@main/exercises/Supine_One-Arm_Overhead_Throw/0.jpg,https://cdn.jsdelivr.net/gh/yuhonas/free-exercise-db@main/exercises/Supine_One-Arm_Overhead_Throw/1.jpg
Supine Two-Arm Overhead Throw,Abdominals,Medicine ball,"Lay on the ground on your back with your knees bent. Hold the ball with both hands, extending the arms fully behind your head. This will be your starting position. Initiate the movement at the shoulder, throwing the ball directly forward…",https://cdn.jsdelivr.net/gh/yuhonas/free-exercise-db@main/exercises/Supine_Two-Arm_Overhead_Throw/0.jpg,https://cdn.jsdelivr.net/gh/yuhonas/free-exercise-db@main/exercises/Supine_Two-Arm_Overhead_Throw/1.jpg
Suspended Fallout,Abdominals,Other,"Adjust the straps so the handles are at an appropriate height, below waist level. Begin standing and grasping the handles. Lean into the straps, moving to an incline push-up position. This will be your starting position. Keeping your arm…",https://cdn.jsdelivr.net/gh/yuhonas/free-exercise-db@main/exercises/Suspended_Fallout/0.jpg,https://cdn.jsdelivr.net/gh/yuhonas/free-exercise-db@main/exercises/Suspended_Fallout/1.jpg
Suspended Push-Up,Chest,Other,"Anchor your suspension straps securely to the top of a rack or other object. Leaning into the straps, take a handle in each hand and move into a push-up plank position. You should be as close to parallel to the ground as you can manage w…",https://cdn.jsdelivr.net/gh/yuhonas/free-exercise-db@main/exercises/Suspended_Push-Up/0.jpg,https://cdn.jsdelivr.net/gh/yuhonas/free-exercise-db@main/exercises/Suspended_Push-Up/1.jpg
Suspended Reverse Crunch,Abdominals,Other,"Secure a set of suspension straps with the handles hanging about a foot off of the ground. Move yourself into a pushup plank position facing away from the rack. Place your feet into the handles. You should maintain a straight posture, no…",https://cdn.jsdelivr.net/gh/yuhonas/free-exercise-db@main/exercises/Suspended_Reverse_Crunch/0.jpg,https://cdn.jsdelivr.net/gh/yuhonas/free-exercise-db@main/exercises/Suspended_Reverse_Crunch/1.jpg
Suspended Row,Middle back,Other,Suspend your straps at around chest height. Take a handle in each hand and lean back. Keep your body erect and your head and chest up. Your arms should be fully extended. This will be your starting position. Begin by flexing the elbow to…,https://cdn.jsdelivr.net/gh/yuhonas/free-exercise-db@main/exercises/Suspended_Row/0.jpg,https://cdn.jsdelivr.net/gh/yuhonas/free-exercise-db@main/exercises/Suspended_Row/1.jpg
Suspended Split Squat,Quadriceps,Other,"Suspend your straps so the handles are 18-30 inches from the floor. Facing away from the setup, place your rear foot into the handle behind you. Keep your head looking forward and your chest up, with your knee slightly bent. This will be…",https://cdn.jsdelivr.net/gh/yuhonas/free-exercise-db@main/exercises/Suspended_Split_Squat/0.jpg,https://cdn.jsdelivr.net/gh/yuhonas/free-exercise-db@main/exercises/Suspended_Split_Squat/1.jpg
Svend Press,Chest,Other,Begin in a standing position. Press two lightweight plates together with your hands. Hold the plates together close to your chest to create an isometric contraction in your chest muscles. Your fingers should be pointed forward. This is y…,https://cdn.jsdelivr.net/gh/yuhonas/free-exercise-db@main/exercises/Svend_Press/0.jpg,https://cdn.jsdelivr.net/gh/yuhonas/free-exercise-db@main/exercises/Svend_Press/1.jpg
Tate Press,Triceps,Dumbbell,"Lie down on a flat bench with a dumbbell in each hand on top of your thighs. The palms of your hand will be facing each other. By using your thighs to help you get the dumbbells up, clean the dumbbells one arm at a time so that you can h…",https://cdn.jsdelivr.net/gh/yuhonas/free-exercise-db@main/exercises/Tate_Press/0.jpg,https://cdn.jsdelivr.net/gh/yuhonas/free-exercise-db@main/exercises/Tate_Press/1.jpg
The Straddle,Hamstrings,None,"Begin in a seated, upright position. Start by extending your legs in front of you in a V. With your hands on the floor, lean forward as far as possible. Hold for 10 to 20 seconds.",https://cdn.jsdelivr.net/gh/yuhonas/free-exercise-db@main/exercises/The_Straddle/0.jpg,https://cdn.jsdelivr.net/gh/yuhonas/free-exercise-db@main/exercises/The_Straddle/1.jpg
Toe Touchers,Abdominals,Bodyweight,"To begin, lie down on the floor or an exercise mat with your back pressed against the floor. Your arms should be lying across your sides with the palms facing down. Your legs should be touching each other. Slowly elevate your legs up in …",https://cdn.jsdelivr.net/gh/yuhonas/free-exercise-db@main/exercises/Toe_Touchers/0.jpg,https://cdn.jsdelivr.net/gh/yuhonas/free-exercise-db@main/exercises/Toe_Touchers/1.jpg
Torso Rotation,Abdominals,Exercise ball,"Stand upright holding an exercise ball with both hands. Extend your arms so the ball is straight out in front of you. This will be your starting position. Rotate your torso to one side, keeping your eyes on the ball as you move. Now, rot…",https://cdn.jsdelivr.net/gh/yuhonas/free-exercise-db@main/exercises/Torso_Rotation/0.jpg,https://cdn.jsdelivr.net/gh/yuhonas/free-exercise-db@main/exercises/Torso_Rotation/1.jpg
Trail Running/Walking,Quadriceps,None,"Running or hiking on trails will get the blood pumping and heart beating almost immediately. Make sure you have good shoes. While you use the muscles in your calves and buttocks to pull yourself up a hill, the knees, joints and ankles ab…",https://cdn.jsdelivr.net/gh/yuhonas/free-exercise-db@main/exercises/Trail_Running_Walking/0.jpg,https://cdn.jsdelivr.net/gh/yuhonas/free-exercise-db@main/exercises/Trail_Running_Walking/1.jpg
Trap Bar Deadlift,Quadriceps,Other,"For this exercise load a trap bar, also known as a hex bar, to an appropriate weight resting on the ground. Stand in the center of the apparatus and grasp both handles. Lower your hips, look forward with your head and keep your chest up.…",https://cdn.jsdelivr.net/gh/yuhonas/free-exercise-db@main/exercises/Trap_Bar_Deadlift/0.jpg,https://cdn.jsdelivr.net/gh/yuhonas/free-exercise-db@main/exercises/Trap_Bar_Deadlift/1.jpg
Tricep Dumbbell Kickback,Triceps,Dumbbell,Start with a dumbbell in each hand and your palms facing your torso. Keep your back straight with a slight bend in the knees and bend forward at the waist. Your torso should be almost parallel to the floor. Make sure to keep your head up…,https://cdn.jsdelivr.net/gh/yuhonas/free-exercise-db@main/exercises/Tricep_Dumbbell_Kickback/0.jpg,https://cdn.jsdelivr.net/gh/yuhonas/free-exercise-db@main/exercises/Tricep_Dumbbell_Kickback/1.jpg
Tricep Side Stretch,Triceps,None,"Bring right arm across your body and over your left shoulder, holding your elbow with your left hand, until you feel a stretch in your tricep. Then repeat for your other arm.",https://cdn.jsdelivr.net/gh/yuhonas/free-exercise-db@main/exercises/Tricep_Side_Stretch/0.jpg,https://cdn.jsdelivr.net/gh/yuhonas/free-exercise-db@main/exercises/Tricep_Side_Stretch/1.jpg
Triceps Stretch,Triceps,None,"Reach your hand behind your head, grasp your elbow and gently pull. Hold for 10 to 20 seconds, then switch sides.",https://cdn.jsdelivr.net/gh/yuhonas/free-exercise-db@main/exercises/Triceps_Stretch/0.jpg,https://cdn.jsdelivr.net/gh/yuhonas/free-exercise-db@main/exercises/Triceps_Stretch/1.jpg
Tuck Crunch,Abdominals,Bodyweight,"To begin, lie down on the floor or an exercise mat with your back pressed against the floor. Your arms should be lying across your sides with the palms facing down. Your legs should be crossed by wrapping one ankle around the other. Slow…",https://cdn.jsdelivr.net/gh/yuhonas/free-exercise-db@main/exercises/Tuck_Crunch/0.jpg,https://cdn.jsdelivr.net/gh/yuhonas/free-exercise-db@main/exercises/Tuck_Crunch/1.jpg
Two-Arm Dumbbell Preacher Curl,Biceps,Dumbbell,"Grab a dumbbell with each arm and place the upper arms on top of the preacher bench or the incline bench. The dumbbell should be held at shoulder length. This will be your starting position. As you breathe in, slowly lower the dumbbells …",https://cdn.jsdelivr.net/gh/yuhonas/free-exercise-db@main/exercises/Two-Arm_Dumbbell_Preacher_Curl/0.jpg,https://cdn.jsdelivr.net/gh/yuhonas/free-exercise-db@main/exercises/Two-Arm_Dumbbell_Preacher_Curl/1.jpg
Two-Arm Kettlebell Clean,Shoulders,Kettlebells,"Place two kettlebells between your feet. To get in the starting position, push your butt back and look straight ahead. Clean the kettlebells to your shoulders by extending through the legs and hips as you raise the kettlebells towards yo…",https://cdn.jsdelivr.net/gh/yuhonas/free-exercise-db@main/exercises/Two-Arm_Kettlebell_Clean/0.jpg,https://cdn.jsdelivr.net/gh/yuhonas/free-exercise-db@main/exercises/Two-Arm_Kettlebell_Clean/1.jpg
Two-Arm Kettlebell Jerk,Shoulders,Kettlebells,"Clean two kettlebells to your shoulders. Clean the kettlebells to your shoulders by extending through the legs and hips as you swing the kettlebells towards your shoulders. Rotate your wrists as you do so, so that the palms face forward.…",https://cdn.jsdelivr.net/gh/yuhonas/free-exercise-db@main/exercises/Two-Arm_Kettlebell_Jerk/0.jpg,https://cdn.jsdelivr.net/gh/yuhonas/free-exercise-db@main/exercises/Two-Arm_Kettlebell_Jerk/1.jpg
Two-Arm Kettlebell Military Press,Shoulders,Kettlebells,"Clean two kettlebells to your shoulders. Clean the kettlebells to your shoulders by extending through the legs and hips as you swing the kettlebells towards your shoulders. Rotate your wrists as you do so, so that the palms face forward.…",https://cdn.jsdelivr.net/gh/yuhonas/free-exercise-db@main/exercises/Two-Arm_Kettlebell_Military_Press/0.jpg,https://cdn.jsdelivr.net/gh/yuhonas/free-exercise-db@main/exercises/Two-Arm_Kettlebell_Military_Press/1.jpg
Two-Arm Kettlebell Row,Middle back,Kettlebells,"Place two kettlebells in front of your feet. Bend your knees slightly and then push your butt out as much as possible as you bend over to get in the starting position. Grab both kettlebells and pull them to your stomach, retracting your …",https://cdn.jsdelivr.net/gh/yuhonas/free-exercise-db@main/exercises/Two-Arm_Kettlebell_Row/0.jpg,https://cdn.jsdelivr.net/gh/yuhonas/free-exercise-db@main/exercises/Two-Arm_Kettlebell_Row/1.jpg
Upper Back-Leg Grab,Hamstrings,None,"While seated, bend forward to hug your thighs from underneath with both arms. Keep your knees together and your legs extended out as you bring your chest down to your knees. You can also stretch your middle back by pulling your back away…",https://cdn.jsdelivr.net/gh/yuhonas/free-exercise-db@main/exercises/Upper_Back-Leg_Grab/0.jpg,https://cdn.jsdelivr.net/gh/yuhonas/free-exercise-db@main/exercises/Upper_Back-Leg_Grab/1.jpg
Upper Back Stretch,Middle back,None,"Clasp fingers together with your thumbs pointing down, round your shoulders as you reach your hands forward.",https://cdn.jsdelivr.net/gh/yuhonas/free-exercise-db@main/exercises/Upper_Back_Stretch/0.jpg,https://cdn.jsdelivr.net/gh/yuhonas/free-exercise-db@main/exercises/Upper_Back_Stretch/1.jpg
Upright Row - With Bands,Traps,Bands,"To begin, stand on an exercise band so that tension begins at arm's length. Grasp the handles using a pronated (palms facing your thighs) grip that is slightly less than shoulder width. The handles should be resting on top of your thighs…",https://cdn.jsdelivr.net/gh/yuhonas/free-exercise-db@main/exercises/Upright_Row_-_With_Bands/0.jpg,https://cdn.jsdelivr.net/gh/yuhonas/free-exercise-db@main/exercises/Upright_Row_-_With_Bands/1.jpg
Upward Stretch,Shoulders,None,"Extend both hands straight above your head, palms touching. Slowly push your hands up and back, keeping your back straight.",https://cdn.jsdelivr.net/gh/yuhonas/free-exercise-db@main/exercises/Upward_Stretch/0.jpg,https://cdn.jsdelivr.net/gh/yuhonas/free-exercise-db@main/exercises/Upward_Stretch/1.jpg
V-Bar Pullup,Lats,Bodyweight,Start by placing the middle of the V-bar in the middle of the pull-up bar (assuming that the pull-up station you are using does not have neutral grip handles). The V-Bar handles will be facing down so that you can hang from the pull-up b…,https://cdn.jsdelivr.net/gh/yuhonas/free-exercise-db@main/exercises/V-Bar_Pullup/0.jpg,https://cdn.jsdelivr.net/gh/yuhonas/free-exercise-db@main/exercises/V-Bar_Pullup/1.jpg
Vertical Swing,Hamstrings,Dumbbell,"Allow the dumbbell to hang at arms length between your legs, holding it with both hands. Keep your back straight and your head up. Swing the dumbbell between your legs, flexing at the hips and bending the knees slightly. Powerfully rever…",https://cdn.jsdelivr.net/gh/yuhonas/free-exercise-db@main/exercises/Vertical_Swing/0.jpg,https://cdn.jsdelivr.net/gh/yuhonas/free-exercise-db@main/exercises/Vertical_Swing/1.jpg
Weighted Ball Hyperextension,Lower back,Exercise ball,"To begin, lie down on an exercise ball with your torso pressing against the ball and parallel to the floor. The ball of your feet should be pressed against the floor to help keep you balanced. Place a weighted plate under your chin or be…",https://cdn.jsdelivr.net/gh/yuhonas/free-exercise-db@main/exercises/Weighted_Ball_Hyperextension/0.jpg,https://cdn.jsdelivr.net/gh/yuhonas/free-exercise-db@main/exercises/Weighted_Ball_Hyperextension/1.jpg
Weighted Ball Side Bend,Abdominals,Exercise ball,"To begin, lie down on an exercise ball with your left side of the torso (waist, hips and shoulder) pressed against the ball. Your feet should be on the floor while your legs are crossed and hanging from the ball. Hold a weighted plate wi…",https://cdn.jsdelivr.net/gh/yuhonas/free-exercise-db@main/exercises/Weighted_Ball_Side_Bend/0.jpg,https://cdn.jsdelivr.net/gh/yuhonas/free-exercise-db@main/exercises/Weighted_Ball_Side_Bend/1.jpg
Weighted Bench Dip,Triceps,Other,"For this exercise you will need to place a bench behind your back and another one in front of you. With the benches perpendicular to your body, hold on to one bench on its edge with the hands close to your body, separated at shoulder wid…",https://cdn.jsdelivr.net/gh/yuhonas/free-exercise-db@main/exercises/Weighted_Bench_Dip/0.jpg,https://cdn.jsdelivr.net/gh/yuhonas/free-exercise-db@main/exercises/Weighted_Bench_Dip/1.jpg
Weighted Crunches,Abdominals,Medicine ball,"Lie flat on your back with your feet flat on the ground or resting on a bench with your knees bent at a 90 degree angle. Hold a weight to your chest, or you may hold it extended above your torso. This will be your starting position. Now,…",https://cdn.jsdelivr.net/gh/yuhonas/free-exercise-db@main/exercises/Weighted_Crunches/0.jpg,https://cdn.jsdelivr.net/gh/yuhonas/free-exercise-db@main/exercises/Weighted_Crunches/1.jpg
Weighted Pull Ups,Lats,Other,"Attach a weight to a dip belt and secure it around your waist. Grab the pull-up bar with the palms of your hands facing forward. For a medium grip, your hands should be spaced at shoulder width. Both arms should be extended in front of y…",https://cdn.jsdelivr.net/gh/yuhonas/free-exercise-db@main/exercises/Weighted_Pull_Ups/0.jpg,https://cdn.jsdelivr.net/gh/yuhonas/free-exercise-db@main/exercises/Weighted_Pull_Ups/1.jpg
Weighted Sit-Ups - With Bands,Abdominals,Other,"Start out by strapping the bands around the base of the decline bench. Place the handles towards the inside of the decline bench so that when lying down, you can reach for both of them. Position your legs through the decline machine unti…",https://cdn.jsdelivr.net/gh/yuhonas/free-exercise-db@main/exercises/Weighted_Sit-Ups_-_With_Bands/0.jpg,https://cdn.jsdelivr.net/gh/yuhonas/free-exercise-db@main/exercises/Weighted_Sit-Ups_-_With_Bands/1.jpg
Weighted Squat,Quadriceps,Other,Start by positioning two flat benches shoulder width apart from each other. Stand on top of them and wrap the weighted belt around your waist with the amount of weight you feel comfortable with. Make sure your toes are facing out. Once y…,https://cdn.jsdelivr.net/gh/yuhonas/free-exercise-db@main/exercises/Weighted_Squat/0.jpg,https://cdn.jsdelivr.net/gh/yuhonas/free-exercise-db@main/exercises/Weighted_Squat/1.jpg
Wide-Grip Rear Pull-Up,Lats,Bodyweight,"Grab the pull-up bar with the palms facing forward using a wide grip. As you have both arms extended in front of you holding the bar, bring your torso forward and head so that there is an imaginary line from the pull-up bar to the back o…",https://cdn.jsdelivr.net/gh/yuhonas/free-exercise-db@main/exercises/Wide-Grip_Rear_Pull-Up/0.jpg,https://cdn.jsdelivr.net/gh/yuhonas/free-exercise-db@main/exercises/Wide-Grip_Rear_Pull-Up/1.jpg
Wind Sprints,Abdominals,Bodyweight,Hang from a pull-up bar using a pronated grip. Your arms and legs should be extended. This will be your starting position. Begin by quickly raising one knee as high as you can. Do not swing your body or your legs. 3 Immediately reverse t…,https://cdn.jsdelivr.net/gh/yuhonas/free-exercise-db@main/exercises/Wind_Sprints/0.jpg,https://cdn.jsdelivr.net/gh/yuhonas/free-exercise-db@main/exercises/Wind_Sprints/1.jpg
Windmills,Abductors,None,"Lie on your back with your arms extended out to the sides and your legs straight. This will be your starting position. Lift one leg and quickly cross it over your body, attempting to touch the ground near the opposite hand. Return to the…",https://cdn.jsdelivr.net/gh/yuhonas/free-exercise-db@main/exercises/Windmills/0.jpg,https://cdn.jsdelivr.net/gh/yuhonas/free-exercise-db@main/exercises/Windmills/1.jpg
World's Greatest Stretch,Hamstrings,None,"This is a three-part stretch. Begin by lunging forward, with your front foot flat on the ground and on the toes of your back foot. With your knees bent, squat down until your knee is almost touching the ground. Keep your torso erect, and…",https://cdn.jsdelivr.net/gh/yuhonas/free-exercise-db@main/exercises/Worlds_Greatest_Stretch/0.jpg,https://cdn.jsdelivr.net/gh/yuhonas/free-exercise-db@main/exercises/Worlds_Greatest_Stretch/1.jpg
Wrist Circles,Forearms,Bodyweight,Start by standing straight with your feet being shoulder width apart from each other. Elevate your arms to the side of you until they are fully extended and parallel to the floor at a height that is evenly aligned with your shoulders. Ti…,https://cdn.jsdelivr.net/gh/yuhonas/free-exercise-db@main/exercises/Wrist_Circles/0.jpg,https://cdn.jsdelivr.net/gh/yuhonas/free-exercise-db@main/exercises/Wrist_Circles/1.jpg
Wrist Roller,Forearms,Other,"To begin, stand straight up grabbing a wrist roller using a pronated grip (palms facing down). Your feet should be shoulder width apart. Slowly lift both arms until they are fully extended and parallel to the floor in front of you. Note:…",https://cdn.jsdelivr.net/gh/yuhonas/free-exercise-db@main/exercises/Wrist_Roller/0.jpg,https://cdn.jsdelivr.net/gh/yuhonas/free-exercise-db@main/exercises/Wrist_Roller/1.jpg
Zottman Curl,Biceps,Dumbbell,Stand up with your torso upright and a dumbbell in each hand being held at arms length. The elbows should be close to the torso. Make sure the palms of the hands are facing each other. This will be your starting position. While holding t…,https://cdn.jsdelivr.net/gh/yuhonas/free-exercise-db@main/exercises/Zottman_Curl/0.jpg,https://cdn.jsdelivr.net/gh/yuhonas/free-exercise-db@main/exercises/Zottman_Curl/1.jpg
Zottman Preacher Curl,Biceps,Dumbbell,Grab a dumbbell in each hand and place your upper arms on top of the preacher bench or the incline bench. The dumbbells should be held at shoulder height and the elbows should be flexed. Hold the dumbbells with the palms of your hands fa…,https://cdn.jsdelivr.net/gh/yuhonas/free-exercise-db@main/exercises/Zottman_Preacher_Curl/0.jpg,https://cdn.jsdelivr.net/gh/yuhonas/free-exercise-db@main/exercises/Zottman_Preacher_Curl/1.jpg
